<?xml version="1.0" encoding="UTF-8"?>
<metadata xml:lang="en"><Esri><CreaDate>20210930</CreaDate><CreaTime>08203000</CreaTime><ArcGISFormat>1.0</ArcGISFormat><SyncOnce>TRUE</SyncOnce><DataProperties><itemProps><itemLocation><linkage Sync="TRUE">file://\\HPSPECTRE4KING\C$\Users\King\Desktop\New Regions\New_Regions_Capitals</linkage><protocol Sync="TRUE">Local Area Network</protocol></itemLocation></itemProps><copyHistory><copy source="D:\ArcGIS_Data\District_216\New_Regions_Capitals" dest="\\HPSPECTRE4KING\C$\Users\King\Desktop\New Regions\New_Regions_Capitals" date="20210930" time="08203000"></copy></copyHistory></DataProperties></Esri></metadata>
