Date,Evaporative
2000-12-11,-0.004680007
2000-12-18,0.251297921
2000-12-25,-0.141411439
2001-01-01,-0.215434164
2001-01-08,-0.353768229
2001-01-15,-0.435108602
2001-01-22,-0.630739331
2001-01-29,-0.818779945
2001-02-05,-0.944373727
2001-02-12,-1.125575423
2001-02-19,-0.88697505
2001-02-26,-0.980841219
2001-03-05,-0.745162189
2001-03-12,-0.859114945
2001-03-19,-1.124022722
2001-03-26,-0.938253045
2001-04-02,-1.072685719
2001-04-09,-0.582897365
2001-04-16,-0.474635899
2001-04-23,-0.187969193
2001-04-30,-0.091231272
2001-05-07,-0.24063319
2001-05-14,-0.295418799
2001-05-21,-0.499810815
2001-05-28,-0.42230317
2001-06-04,-0.573547959
2001-06-11,-0.03439749
2001-06-18,0.383603513
2001-06-25,0.147518709
2001-07-02,0.332327008
2001-07-09,0.194922507
2001-07-16,-0.144417062
2001-07-23,-0.370126069
2001-07-30,-0.650703967
2001-08-06,-0.301604897
2001-08-13,-0.555884063
2001-08-20,-0.259055108
2001-08-27,-0.291230738
2001-09-03,-0.384854078
2001-09-10,-0.466129005
2001-09-17,-0.790013671
2001-09-24,-1.135208845
2001-10-01,-1.046476722
2001-10-08,-1.231039047
2001-10-15,-1.072009921
2001-10-22,-0.728564203
2001-10-29,-0.510426104
2001-11-05,-0.156662434
2001-11-12,-0.166947022
2001-11-19,-0.146090895
2001-11-26,-0.07088089
2001-12-03,-0.089423008
2001-12-11,0.381512523
2001-12-18,0.538666308
2001-12-25,0.707401216
2002-01-01,0.489026308
2002-01-08,0.221350849
2002-01-15,-0.145132273
2002-01-22,-0.182707936
2002-01-29,-0.258370161
2002-02-05,-0.494738489
2002-02-12,-0.348144829
2002-02-19,-0.666289508
2002-02-26,-0.81251049
2002-03-05,-0.484558582
2002-03-12,-0.500775039
2002-03-19,-0.78719753
2002-03-26,-0.674682856
2002-04-02,-0.413263977
2002-04-09,-0.327576965
2002-04-16,0.247192159
2002-04-30,0.206476465
2002-05-07,-0.019422989
2002-05-14,-0.135547847
2002-05-21,-0.417760879
2002-05-28,-0.585037291
2002-06-04,-0.712543845
2002-06-11,-0.960394919
2002-06-18,-0.995904148
2002-06-25,-1.13334024
2002-07-02,-0.870645583
2002-07-09,-0.459486425
2002-07-16,-0.637485027
2002-07-23,-0.711784899
2002-07-30,-0.685130417
2002-08-06,-0.877309978
2002-08-13,-0.843887985
2002-08-20,-0.909660757
2002-08-27,-0.899818242
2002-09-03,-0.986206472
2002-09-10,-0.992033243
2002-09-17,-0.939770937
2002-09-24,-0.970897377
2002-10-01,-0.589905322
2002-10-08,-0.735716164
2002-10-15,-0.394587129
2002-10-22,-0.764323235
2002-10-29,-0.917701781
2002-11-05,-1.023461819
2002-11-12,-0.525969923
2002-11-19,-0.793376982
2002-11-26,-0.807165086
2002-12-03,-1.026689053
2002-12-11,-1.047604442
2002-12-18,-0.581757843
2002-12-25,-0.166799232
2003-01-01,-0.148294643
2003-01-08,-0.365493119
2003-01-15,-0.631962776
2003-01-22,-0.782784283
2003-01-29,-0.529226661
2003-02-05,-0.149171084
2003-02-12,0.198245347
2003-02-19,-0.159739241
2003-02-26,-0.274171025
2003-03-05,-0.589055598
2003-03-12,-0.79227519
2003-03-19,-0.773794532
2003-03-26,-0.428084552
2003-04-02,0.009564932
2003-04-09,0.06461437
2003-04-16,-0.10366559
2003-04-23,-0.421719193
2003-04-30,-0.732554317
2003-05-07,-0.853809297
2003-05-14,-0.80334878
2003-05-21,0.325351328
2003-05-28,0.356957436
2003-06-04,-0.010677019
2003-06-11,-0.759903014
2003-06-18,-0.843914092
2003-06-25,-1.011771321
2003-07-02,-0.801698565
2003-07-09,-0.471456051
2003-07-16,-0.388622075
2003-07-23,-0.589009583
2003-07-30,-0.671918154
2003-08-06,-0.257160723
2003-08-13,0.272655338
2003-08-20,0.264153272
2003-08-27,0.3458125
2003-09-03,0.119577348
2003-09-10,-0.176859334
2003-09-17,-0.295166016
2003-09-24,-0.213928029
2003-10-01,-0.175883502
2003-10-08,0.147928908
2003-10-15,0.30348143
2003-10-22,0.287599772
2003-10-29,0.07073763
2003-11-05,0.122761138
2003-11-12,0.088633984
2003-11-19,0.098467574
2003-11-26,0.139195457
2003-12-03,-0.007643154
2003-12-11,0.331220537
2003-12-18,0.296414077
2003-12-25,0.658876061
2004-01-01,0.808421373
2004-01-08,0.496399581
2004-01-15,0.43988198
2004-01-22,0.172168091
2004-01-29,0.259654254
2004-02-05,0.209516749
2004-02-12,0.333113819
2004-02-19,0.385856807
2004-02-26,0.227247104
2004-03-04,-0.045197632
2004-03-11,-0.032539312
2004-03-18,0.158088386
2004-03-25,0.414728135
2004-04-01,0.291473597
2004-04-08,0.083103411
2004-04-15,0.295581758
2004-04-22,0.158807114
2004-04-29,-0.068305634
2004-05-06,0.088887356
2004-05-13,0.417106628
2004-05-20,0.274491251
2004-05-27,-0.032988284
2004-06-03,-0.217277303
2004-06-10,-0.408566505
2004-06-17,-0.016623035
2004-06-24,0.075660244
2004-07-01,0.232753068
2004-07-08,0.211301625
2004-07-15,0.17376247
2004-07-22,-0.151592091
2004-07-29,-0.416981965
2004-08-05,-0.473724991
2004-08-12,-0.578766465
2004-08-19,-0.600230932
2004-08-26,-0.71671021
2004-09-02,-0.763763428
2004-09-09,-0.827109039
2004-09-16,-0.775864422
2004-09-23,-1.005845666
2004-09-30,-0.551882923
2004-10-07,-0.54555589
2004-10-14,-0.162390903
2004-10-21,0.415841728
2004-10-28,0.526340246
2004-11-04,0.491506338
2004-11-11,0.400320411
2004-11-18,0.740092516
2004-11-25,0.90076822
2004-12-02,1.141726971
2004-12-11,0.837523043
2004-12-18,0.500007629
2004-12-25,-0.423986495
2005-01-01,-0.438366026
2005-01-08,-0.501331687
2005-01-15,-0.086534604
2005-01-22,0.6720047
2005-01-29,0.430214703
2005-02-05,0.597080171
2005-02-12,-0.003971208
2005-02-19,0.453769982
2005-02-26,0.593981981
2005-03-05,0.233131349
2005-03-12,0.099542305
2005-03-19,-0.113849744
2005-03-26,-0.21013464
2005-04-02,-0.270706207
2005-04-09,-0.122348666
2005-04-16,0.893247306
2005-04-23,0.805673838
2005-04-30,0.328822672
2005-05-07,0.02972883
2005-05-14,-0.168047309
2005-05-21,-0.422460943
2005-05-28,-0.073340558
2005-06-04,0.672936499
2005-06-11,0.736455679
2005-06-18,0.64307189
2005-06-25,0.392505527
2005-07-02,0.260155678
2005-07-09,-0.065987177
2005-07-16,-0.198390394
2005-07-23,-0.204210714
2005-07-30,-0.211446211
2005-08-06,-0.611783445
2005-08-13,-0.457012564
2005-08-20,-0.495025188
2005-08-27,-0.698165655
2005-09-03,-0.621230066
2005-09-10,-0.493947864
2005-09-17,-0.569107831
2005-09-24,-0.35161522
2005-10-01,-0.278180212
2005-10-08,-0.196956739
2005-10-15,-0.601883411
2005-10-22,-0.354450345
2005-10-29,-0.221814141
2005-11-05,-0.023001354
2005-11-12,0.487008035
2005-11-19,0.270890385
2005-11-26,-0.119852327
2005-12-03,-0.089457639
2005-12-11,0.054070327
2005-12-18,0.44743973
2005-12-25,0.907384574
2006-01-01,0.786581576
2006-01-08,0.582728267
2006-01-15,0.653290749
2006-01-22,0.444161385
2006-01-29,0.217369303
2006-02-05,-0.109621927
2006-02-12,-0.375109643
2006-02-19,-0.407222837
2006-02-26,-0.450200111
2006-03-05,0.213419333
2006-03-12,-0.06323228
2006-03-19,-0.152720213
2006-03-26,-0.472781479
2006-04-02,-0.678309798
2006-04-09,-0.748042881
2006-04-16,-1.180436015
2006-04-23,-0.314848483
2006-04-30,0.729210794
2006-05-07,0.596242785
2006-05-14,0.385094434
2006-05-21,0.01479598
2006-05-28,-0.166331008
2006-06-04,0.322157413
2006-06-11,0.172143891
2006-06-18,-0.142982677
2006-06-25,-0.435944289
2006-07-02,-0.537308395
2006-07-09,-0.558854997
2006-07-16,0.355745882
2006-07-23,0.284025043
2006-07-30,0.257300973
2006-08-06,0.202004552
2006-08-13,0.026389899
2006-08-20,0.31492725
2006-08-27,0.442627251
2006-09-03,0.719034314
2006-09-10,0.755243659
2006-09-17,0.753708839
2006-09-24,0.477191746
2006-10-01,0.342773438
2006-10-08,0.213479266
2006-10-15,-0.410767138
2006-10-22,-0.989284039
2006-10-29,-1.209498882
2006-11-05,-1.698106766
2006-11-12,-1.854568601
2006-11-19,-1.456876636
2006-11-26,-1.069073319
2006-12-03,-0.9817819
2006-12-11,-0.84770447
2006-12-18,-1.132943392
2006-12-25,-1.117203236
2007-01-01,-0.79358983
2007-01-08,-0.535251915
2007-01-15,-0.327834696
2007-01-22,-0.45832485
2007-01-29,-0.521503747
2007-02-05,-0.686059117
2007-02-12,-0.662587047
2007-02-19,-0.375125915
2007-02-26,-0.528957129
2007-03-05,-0.667869031
2007-03-12,-0.021959692
2007-03-19,-0.16035834
2007-03-26,-0.047997974
2007-04-02,-0.006642471
2007-04-09,-0.004022275
2007-04-16,0.147401363
2007-04-23,0.429080307
2007-04-30,0.501294315
2007-05-07,0.034580626
2007-05-14,-0.151656896
2007-05-21,-0.119785726
2007-05-28,-0.347504735
2007-06-04,-0.458705604
2007-06-11,-0.604934216
2007-06-18,-0.537657917
2007-06-25,-0.664576232
2007-07-02,-0.193286344
2007-07-09,-0.125438139
2007-07-16,0.183572963
2007-07-23,0.297957927
2007-07-30,0.374628603
2007-08-06,0.442346781
2007-08-13,0.535408974
2007-08-20,0.588552654
2007-08-27,0.540110946
2007-09-03,0.095411666
2007-09-10,-0.056343433
2007-09-17,-0.130954787
2007-09-24,0.070261247
2007-10-01,0.450315416
2007-10-08,0.280760556
2007-10-15,0.36540997
2007-10-22,0.285514563
2007-10-29,0.743178785
2007-11-05,0.815662146
2007-11-12,0.956808865
2007-11-19,0.01353394
2007-11-26,-0.441478878
2007-12-03,-0.800380945
2007-12-11,-0.632202208
2007-12-18,-0.322622389
2007-12-25,-0.520828843
2008-01-01,-1.201779604
2008-01-08,-1.544341564
2008-01-15,-1.742461562
2008-01-22,-1.580591679
2008-01-29,-1.158336878
2008-02-05,-0.517670453
2008-02-12,-0.555969477
2008-02-19,-0.262972683
2008-02-26,0.361025989
2008-03-04,-0.107059836
2008-03-11,-0.114362359
2008-03-18,-0.004489924
2008-03-25,-0.010060234
2008-04-01,-0.047253639
2008-04-08,-0.279916346
2008-04-15,-0.539397895
2008-04-22,-0.969171047
2008-04-29,-1.141546965
2008-05-06,-1.41738534
2008-05-13,-0.508110464
2008-05-20,-0.774931073
2008-05-27,-0.984149635
2008-06-03,-1.035235643
2008-06-10,-0.700918972
2008-06-17,-0.757393241
2008-06-24,0.405419677
2008-07-01,0.48082462
2008-07-08,0.223098457
2008-07-15,0.203222916
2008-07-22,0.251544893
2008-07-29,0.228800192
2008-08-05,0.181986094
2008-08-12,0.361698538
2008-08-19,0.278946668
2008-08-26,0.210430369
2008-09-02,0.186580613
2008-09-09,0.252229482
2008-09-16,0.238740951
2008-09-23,0.326765776
2008-09-30,-0.046234652
2008-10-07,-0.158628866
2008-10-14,-0.538452685
2008-10-21,-0.623959005
2008-10-28,-0.930259943
2008-11-04,-0.690615892
2008-11-11,-0.313255399
2008-11-18,0.344746947
2008-11-25,0.635602176
2008-12-02,0.499627084
2008-12-11,0.814022005
2008-12-18,0.574547231
2008-12-25,0.474774212
2009-01-01,0.518317521
2009-01-08,0.233791441
2009-01-15,0.218241706
2009-01-22,0.371150166
2009-01-29,0.489550591
2009-02-05,0.797650278
2009-02-12,1.876525164
2009-02-19,1.74437809
2009-02-26,1.528929472
2009-03-05,0.789095283
2009-03-12,0.485464364
2009-03-19,0.291121393
2009-03-26,0.038569339
2009-04-02,0.154754549
2009-04-09,0.196686119
2009-04-16,0.575232506
2009-04-23,0.15647994
2009-04-30,-0.068358682
2009-05-07,-0.126047924
2009-05-14,-0.426188767
2009-05-21,0.241085529
2009-05-28,0.642277062
2009-06-04,0.950672507
2009-06-11,0.919609547
2009-06-18,0.883281112
2009-06-25,0.055656057
2009-07-02,-0.120562665
2009-07-09,-0.212989002
2009-07-16,-0.453859627
2009-07-23,0.866307855
2009-07-30,0.801251411
2009-08-06,-0.15131022
2009-08-13,0.314207584
2009-08-20,0.21979785
2009-08-27,0.410539448
2009-09-03,0.377575278
2009-09-10,0.130925357
2009-09-17,0.21292308
2009-09-24,0.605047882
2009-10-01,0.827337861
2009-10-08,0.702654302
2009-10-15,0.746103108
2009-10-22,0.332966626
2009-10-29,-0.246147051
2009-11-05,-0.39111793
2009-11-12,-0.492953062
2009-11-19,-0.230009779
2009-11-26,0.070580341
2009-12-03,0.183442548
2009-12-11,0.409543365
2009-12-18,0.252524644
2009-12-25,0.064152241
2010-01-01,0.110784382
2010-01-08,-0.19497928
2010-01-15,-0.449434847
2010-01-22,-0.294799745
2010-01-29,-0.47371605
2010-02-05,-0.103567749
2010-02-12,0.586434364
2010-02-19,0.498300761
2010-02-26,0.508859992
2010-03-05,0.677595139
2010-03-12,0.609518766
2010-03-19,0.415643483
2010-03-26,0.568857431
2010-04-02,0.394584477
2010-04-09,-0.043407865
2010-04-16,0.508901358
2010-04-23,0.626312852
2010-04-30,0.530565858
2010-05-07,0.397845924
2010-05-14,0.377216786
2010-05-21,0.806245923
2010-05-28,0.955439687
2010-06-04,0.713114381
2010-06-11,0.535348356
2010-06-18,0.561431468
2010-06-25,0.514447689
2010-07-02,-0.011646171
2010-07-09,-0.108317606
2010-07-16,-0.204071969
2010-07-23,-0.320740581
2010-07-30,-0.132092461
2010-08-06,0.682822287
2010-08-13,0.452396691
2010-08-20,0.512877226
2010-08-27,0.427644342
2010-09-03,0.621079743
2010-09-10,0.629627466
2010-09-17,0.808010936
2010-09-24,1.115919709
2010-10-01,1.197793484
2010-10-08,0.8054443
2010-10-15,0.477693617
2010-10-22,0.888627827
2010-10-29,0.751014888
2010-11-05,0.62006402
2010-11-12,0.657253981
2010-11-19,0.468117476
2010-11-26,0.583253622
2010-12-03,0.503391087
2010-12-11,0.657445669
2010-12-18,0.762634337
2010-12-25,0.851042271
2011-01-01,0.935075045
2011-01-08,1.113617063
2011-01-15,1.138364196
2011-01-22,0.993915141
2011-01-29,0.776043296
2011-02-05,0.353676647
2011-02-12,0.528536677
2011-02-19,0.856901824
2011-02-26,1.202439308
2011-03-05,0.822766542
2011-03-12,0.236384287
2011-03-19,0.162437662
2011-03-26,-0.012649186
2011-04-02,-0.124039635
2011-04-09,0.141002819
2011-04-16,-0.023849403
2011-04-23,-0.201924637
2011-04-30,-0.307016253
2011-05-07,0.390457541
2011-05-14,0.234577522
2011-05-21,0.108529255
2011-05-28,0.431461364
2011-06-04,0.456539214
2011-06-11,0.46915257
2011-06-18,0.4205468
2011-06-25,0.921251416
2011-07-02,0.828834474
2011-07-09,0.970428288
2011-07-16,0.802226961
2011-07-23,0.318255246
2011-07-30,0.306678146
2011-08-06,0.248990148
2011-08-13,0.061386038
2011-08-20,0.745566785
2011-08-27,0.726516604
2011-09-03,0.455568492
2011-09-10,0.466127783
2011-09-17,0.494954109
2011-09-24,0.541949451
2011-10-01,-0.865715802
2011-10-08,-0.488423854
2011-10-15,-0.177773878
2011-10-22,0.122630663
2011-10-29,0.30867815
2011-11-05,-0.280630827
2011-11-12,-0.639392614
2011-11-19,-0.956447661
2011-11-26,-0.936980009
2011-12-03,-0.566356122
2011-12-11,-0.846164644
2011-12-18,-0.797929585
2011-12-25,-0.946270704
2012-01-01,-0.500398934
2012-01-08,0.142705619
2012-01-15,0.413000941
2012-01-22,0.626000822
2012-01-29,0.889067292
2012-02-05,0.833287358
2012-02-12,0.73621577
2012-02-19,0.278625697
2012-02-26,0.05550335
2012-03-04,-0.176266655
2012-03-11,-0.388914257
2012-03-18,0.511715293
2012-03-25,0.760637522
2012-04-01,0.743517578
2012-04-08,0.488823831
2012-04-15,0.37901938
2012-04-22,0.210158825
2012-04-29,0.420863897
2012-05-06,0.238434032
2012-05-13,0.450309038
2012-05-20,0.04552719
2012-05-27,0.886648118
2012-06-03,0.71537596
2012-06-10,0.370596021
2012-06-17,0.647084475
2012-06-24,0.638351917
2012-07-01,0.560975611
2012-07-08,0.586182177
2012-07-15,0.3647542
2012-07-22,0.822636127
2012-07-29,0.567169905
2012-08-05,0.557391346
2012-08-12,0.49442789
2012-08-19,0.404646605
2012-08-26,0.339540869
2012-09-02,0.307494819
2012-09-09,0.078407213
2012-09-16,0.459406704
2012-09-23,0.588038683
2012-09-30,0.827216387
2012-10-07,0.28753522
2012-10-14,0.33230719
2012-10-21,0.584835231
2012-10-28,0.964573443
2012-11-04,1.028145194
2012-11-11,1.159393191
2012-11-18,1.350698233
2012-11-25,1.144995093
2012-12-02,0.939263463
2012-12-11,0.593630672
2012-12-18,0.065585323
2012-12-25,-0.248776361
2013-01-01,-0.239006415
2013-01-08,-0.050676126
2013-01-15,0.02673807
2013-01-22,-0.063451514
2013-01-29,-0.191182584
2013-02-05,-0.007875012
2013-02-12,-0.192761987
2013-02-19,-0.175973475
2013-02-26,0.133507699
2013-03-05,0.026731517
2013-03-12,-0.017386682
2013-03-19,0.01284176
2013-03-26,-0.085039817
2013-04-02,-0.014677871
2013-04-09,0.265780091
2013-04-16,0.503976047
2013-04-23,0.43210569
2013-04-30,0.242180094
2013-05-07,0.319036186
2013-05-14,0.884444535
2013-05-21,0.797599375
2013-05-28,0.45410797
2013-06-04,0.287209302
2013-06-11,0.09614642
2013-06-18,0.25106591
2013-06-25,0.242591277
2013-07-02,0.32514739
2013-07-09,0.141773701
2013-07-16,-0.352791756
2013-07-23,-0.321252882
2013-07-30,-0.258194208
2013-08-06,-0.316045284
2013-08-13,0.053823248
2013-08-20,0.361516416
2013-08-27,0.072957352
2013-09-03,0.390392721
2013-09-10,0.321637571
2013-09-17,0.263741195
2013-09-24,0.387479931
2013-10-01,0.159603029
2013-10-08,0.028152825
2013-10-15,0.496716529
2013-10-22,0.600604892
2013-10-29,0.859420121
2013-11-05,1.104415536
2013-11-12,0.070145197
2013-11-19,-0.276759446
2013-11-26,-0.273956984
2013-12-03,-0.173943847
2013-12-11,0.261273235
2013-12-18,0.6110394
2013-12-25,1.006675005
2014-01-01,1.160531521
2014-01-08,1.31054306
2014-01-15,1.10491395
2014-01-22,0.891376734
2014-01-29,1.037732124
2014-02-05,0.700281143
2014-02-12,0.541063726
2014-02-19,0.33443749
2014-02-26,0.117179945
2014-03-05,0.156620547
2014-03-12,0.70808059
2014-03-19,0.695482194
2014-03-26,0.399925232
2014-04-02,0.313411385
2014-04-09,0.258689761
2014-04-16,-0.231151968
2014-04-23,0.912053168
2014-04-30,0.331832796
2014-05-07,0.380605012
2014-05-14,0.196459398
2014-05-21,0.03530119
2014-05-28,0.250896841
2014-06-04,0.161017627
2014-06-11,0.330070049
2014-06-18,0.2110845
2014-06-25,0.239653185
2014-07-02,0.187952235
2014-07-09,0.307589978
2014-07-16,0.164222419
2014-07-23,0.131725088
2014-07-30,0.496810138
2014-08-06,0.317208648
2014-08-13,0.060344107
2014-08-20,-0.046664435
2014-08-27,-0.136598542
2014-09-03,0.053746838
2014-09-10,0.645731986
2014-09-17,0.434465319
2014-09-24,0.303313375
2014-10-01,0.273243308
2014-10-08,0.150940403
2014-10-15,0.051970374
2014-10-22,0.09493053
2014-10-29,-0.088092476
2014-11-05,0.004386153
2014-11-12,0.376320273
2014-11-19,0.654903471
2014-11-26,0.825875521
2014-12-03,0.870635033
2014-12-11,0.245775729
2014-12-18,-0.492662549
2014-12-25,-0.774311125
2015-01-01,-0.785110891
2015-01-08,-0.215391159
2015-01-15,0.376279563
2015-01-22,0.600523472
2015-01-29,0.513573706
2015-02-05,0.207579657
2015-02-12,0.195468456
2015-02-19,0.251497716
2015-02-26,0.161240593
2015-03-05,0.245119184
2015-03-12,0.756572485
2015-03-19,0.65261066
2015-03-26,0.746127248
2015-04-02,0.831958055
2015-04-09,0.710284948
2015-04-16,0.345591635
2015-04-23,0.09245301
2015-04-30,-0.04198654
2015-05-07,-0.177477598
2015-05-14,0.37584278
2015-05-21,0.403965354
2015-05-28,0.432405949
2015-06-04,0.439826608
2015-06-11,0.379429966
2015-06-18,0.164114773
2015-06-25,-0.058507022
2015-07-02,-0.119116731
2015-07-09,-0.068058856
2015-07-16,-0.162966549
2015-07-23,0.016270038
2015-07-30,-0.199392542
2015-08-06,-0.239692926
2015-08-13,0.158054605
2015-08-20,0.138379961
2015-08-27,0.156960413
2015-09-03,0.161220178
2015-09-10,0.541259527
2015-09-17,0.626216471
2015-09-24,0.340928733
2015-10-01,0.467169076
2015-10-08,0.463601589
2015-10-15,0.475269407
2015-10-22,-0.066628367
2015-10-29,-0.077680282
2015-11-05,-0.063986421
2015-11-12,-0.644340336
2015-11-19,-0.912270546
2015-11-26,-1.2815063
2015-12-03,-1.3191185
2015-12-11,-1.189424396
2015-12-18,-0.936303735
2015-12-25,-0.285565197
2016-01-01,-0.452688217
2016-01-08,-0.33102113
2016-01-15,-0.555500746
2016-01-22,-0.732860327
2016-01-29,-0.480761439
2016-02-05,-0.381959707
2016-02-12,-0.286199093
2016-02-19,-0.379303604
2016-02-26,-0.324359536
2016-03-04,0.725917637
2016-03-11,1.066845059
2016-03-18,0.927975357
2016-03-25,0.829170823
2016-04-01,0.310221285
2016-04-08,0.086011328
2016-04-15,-0.056966998
2016-04-22,-0.447130322
2016-04-29,0.569216788
2016-05-06,0.991222203
2016-05-13,0.537998915
2016-05-20,0.059300747
2016-05-27,-0.287710726
2016-06-03,-0.478637189
2016-06-10,-0.069759399
2016-06-17,-0.027530663
2016-06-24,0.091277927
2016-07-01,-0.041167747
2016-07-08,-0.190777659
2016-07-15,0.112807699
2016-07-22,0.91145283
2016-07-29,0.734338224
2016-08-05,0.558943272
2016-08-12,0.250061274
2016-08-19,0.185840502
2016-08-26,0.147578463
2016-09-02,0.171190172
2016-09-09,0.308629155
2016-09-16,0.30132094
2016-09-23,0.255579054
2016-09-30,0.031899877
2016-10-07,0.310888886
2016-10-14,0.098835357
2016-10-21,-0.139122188
2016-10-28,-0.063964628
2016-11-04,0.106065609
2016-11-11,0.428347766
2016-11-18,0.811434865
2016-11-25,0.67851603
2016-12-02,0.89737004
2016-12-11,0.517747343
2016-12-18,0.321469724
2016-12-25,0.132739484
2017-01-01,-0.006629088
2017-01-08,0.251039594
2017-01-15,0.15831463
2017-01-22,-0.207168475
2017-01-29,0.198448449
2017-02-05,0.074447423
2017-02-12,0.144659981
2017-02-19,0.06938836
2017-02-26,-0.251279891
2017-03-05,-0.529144943
2017-03-12,-0.922470987
2017-03-19,-0.663139999
2017-03-26,-0.108252175
2017-04-02,0.246827126
2017-04-09,0.24020569
2017-04-16,0.096162476
2017-04-23,0.034048837
2017-04-30,1.233958602
2017-05-07,0.753528476
2017-05-14,0.585155189
2017-05-21,0.171646863
2017-05-28,-0.687644362
2017-06-04,0.312639087
2017-06-11,0.027913064
2017-06-18,0.138296157
2017-06-25,-0.06761124
2017-07-02,0.042417485
2017-07-09,0.317457736
2017-07-16,0.572829187
2017-07-23,0.634563506
2017-07-30,0.171020061
2017-08-06,-0.632236242
2017-08-13,-0.006818022
2017-08-20,0.687586188
2017-08-27,0.510598063
2017-09-03,-0.258057505
2017-09-10,-0.279590786
2017-09-17,-0.215595946
2017-09-24,-0.399850875
2017-10-01,-0.239613533
2017-10-08,-0.621540785
2017-10-15,-0.486344576
2017-10-22,-0.152968228
2017-10-29,-0.185097471
2017-11-05,-0.268333584
2017-11-12,0.102773748
2017-11-19,0.192133456
2017-11-26,0.264453292
2017-12-03,0.457506925
2017-12-11,0.594665945
2017-12-18,0.29741469
2017-12-25,-0.051326536
2018-01-01,-0.144103035
2018-01-08,-0.254576594
2018-01-15,-0.179250747
2018-01-22,-0.175542846
2018-01-29,-0.193352789
2018-02-05,-0.360576302
2018-02-12,-0.106091723
2018-02-19,0.245202556
2018-02-26,0.440285414
2018-03-05,0.872071743
2018-03-12,0.887336731
2018-03-19,1.214403033
2018-03-26,1.046524525
2018-04-02,0.347583175
2018-04-09,0.152915314
2018-04-16,-0.021453157
2018-04-23,-0.051309686
2018-04-30,0.149085492
2018-05-07,0.950428128
2018-05-14,1.068789721
2018-05-21,0.606254518
2018-05-28,0.471276194
2018-06-04,-0.056023687
2018-06-11,0.022492751
2018-06-18,0.608617246
2018-06-25,0.829454422
2018-07-02,0.431771547
2018-07-09,-0.063360028
2018-07-16,-0.862012863
2018-07-23,-0.729542196
2018-07-30,-0.760752141
2018-08-06,-0.941547632
2018-08-13,0.025215453
2018-08-20,0.563568592
2018-08-27,0.610597908
2018-09-03,0.72017777
2018-09-10,0.677690506
2018-09-17,0.618083179
2018-09-24,0.396058619
2018-10-01,-0.185135439
2018-10-08,-0.175947502
2018-10-15,-0.156329513
2018-10-22,-0.233263806
2018-10-29,0.000800537
2018-11-05,0.049399059
2018-11-12,0.008740484
2018-11-19,-0.001656677
2018-11-26,0.020775845
2018-12-03,0.083857201
2018-12-11,-0.0820686
2018-12-18,-0.195463374
2018-12-25,-0.155866355
2019-01-01,0.026957029
2019-01-08,0.600558162
2019-01-15,0.704552174
2019-01-22,0.422253668
2019-01-29,0.43617323
2019-02-05,-0.195028767
2019-02-12,-0.238127619
2019-02-19,-0.079524375
2019-02-26,-0.243060172
2019-03-05,0.137782663
2019-03-12,-0.125331536
2019-03-19,-0.235456362
2019-03-26,0.379064649
2019-04-02,0.421376526
2019-04-09,1.009045362
2019-04-16,0.914620221
2019-04-23,0.79072547
2019-04-30,0.725668371
2019-05-07,0.698021591
2019-05-14,0.545223534
2019-05-21,0.589190722
2019-05-28,0.194318861
2019-06-04,-0.0194731
2019-06-11,-0.171220616
2019-06-18,-0.128350362
2019-06-25,-0.264899969
2019-07-02,0.448070943
2019-07-09,0.61800313
2019-07-16,0.566304564
2019-07-23,0.637653112
2019-07-30,0.503134012
2019-08-06,0.253349096
2019-08-13,0.022755647
2019-08-20,0.296687603
2019-08-27,0.433458954
2019-09-03,0.368374616
2019-09-10,0.354089528
2019-09-17,0.577136576
2019-09-24,0.938308716
2019-10-01,1.63923049
2019-10-08,1.460766435
2019-10-15,1.105854869
2019-10-22,0.793054104
2019-10-29,0.095893577
2019-11-05,0.00657193
2019-11-12,0.341530502
2019-11-19,0.342367321
2019-11-26,0.341636926
2019-12-03,0.164402649
2019-12-11,0.154088601
2019-12-18,0.588513196
2019-12-25,0.5000723
2020-01-01,0.152350307
2020-01-08,-0.625800729
2020-01-15,-1.404823422
2020-01-22,-1.790053248
2020-01-29,-1.421050191
2020-02-05,-0.986154079
2020-02-12,-0.503916562
2020-02-19,-0.284489721
2020-02-26,-0.163393855
2020-03-04,0.25330618
2020-03-11,-0.129650354
2020-03-18,0.2320503
2020-03-25,0.282417834
2020-04-01,-0.184292942
2020-04-08,0.128956571
2020-04-15,0.046260815
2020-04-22,-0.181316435
2020-04-29,0.045099244
2020-05-06,0.143502995
2020-05-13,0.076185122
2020-05-20,0.143381402
2020-05-27,0.493337244
2020-06-03,0.26616922
2020-06-10,0.402559191
2020-06-17,0.504173219
2020-06-24,0.515585423
2020-07-01,-0.212898523
2020-07-08,-1.41997683
2020-07-15,-1.341398954
2020-07-22,-1.246757388
2020-07-29,-1.614881277
2020-08-05,-0.820198596
2020-08-12,-1.016891241
2020-08-19,-0.702381313
2020-08-26,-0.457395643
2020-09-02,-0.395582885
2020-09-09,-0.248885453
2020-09-16,-0.22557202
2020-09-23,0.21511139
2020-09-30,-0.296668738
2020-10-07,-0.492788464
2020-10-14,-0.412889689
2020-10-21,-0.906001151
2020-10-28,-0.786283374
2020-11-04,-0.542656481
2020-11-11,-0.686038375
2020-11-18,0.149942383
2020-11-25,0.61003083
2020-12-02,0.545222044
2020-12-04,-0.048374377
2020-12-11,0.406134069
2020-12-18,0.193648353
2020-12-25,0.187171489
2021-01-01,0.381194234
2021-01-08,0.360351235
2021-01-15,0.520817697
2021-01-22,0.454370975
2021-01-29,0.400185287
2021-02-05,0.382436186
2021-02-12,0.273867846
2021-02-19,0.158350646
2021-02-26,-0.245854393
2021-03-05,-0.381123662
2021-03-12,-0.313925922
2021-03-19,-0.430641651
2021-03-26,-0.484136522
2021-04-02,-0.513247371
2021-04-09,-0.689734519
2021-04-16,-0.644746542
2021-04-23,-0.671013236
2021-04-30,-0.953050673
2021-05-07,-1.293866158
2021-05-14,-1.092478633
2021-05-21,-1.03709209
2021-05-28,-0.90101403
2021-06-04,-0.849616349
2021-06-11,-0.058191117
2021-06-18,-0.08598464
2021-06-25,-0.339075446
2021-07-02,-0.211123452
2021-07-09,-0.188198373
2021-07-16,-0.365871757
2021-07-23,-0.174488962
2021-07-30,-0.024844276
2021-08-06,-0.078238048
2021-08-13,-0.003012259
2021-08-20,-0.158402786
2021-08-27,-0.318371177
2021-09-03,-0.401005298
2021-09-10,-0.622273445
2021-09-17,-0.534143686
2021-09-24,-0.347152114
2021-10-01,-0.06198464
2021-10-08,0.111722052
2021-10-15,0.588255405
2021-10-22,0.561992407
2021-10-29,0.256468445
2021-11-05,0.266617835
2021-11-12,0.396182418
2021-11-26,0.036055151
2021-12-04,0.316712797
2021-12-11,0.993763506
2021-12-18,1.338842511
2021-12-25,0.935353041
2022-01-01,-0.896182239
