"","year","NDVI","EVI","month","Precipitation","MinTemperature","MaxTemperature"
"1","2001",0.499405263,0.310381579,1,14.1145205,196.6366868,343.4997626
"2","2001",0.499405263,0.310381579,2,9.1134927,215.0925336,353.4728426
"3","2001",0.499405263,0.310381579,3,31.8962027,232.7547776,365.0909108
"4","2001",0.499405263,0.310381579,4,146.7914947,234.3879034,345.5941266
"5","2001",0.499405263,0.310381579,5,132.2026988,236.9657452,340.2466215
"6","2001",0.499405263,0.310381579,6,170.5929253,223.8753538,306.4075158
"7","2001",0.499405263,0.310381579,7,113.6616505,217.5605452,294.131582
"8","2001",0.499405263,0.310381579,8,133.6622021,212.5568726,285.7484028
"9","2001",0.499405263,0.310381579,9,195.166854,216.4109145,296.2416248
"10","2001",0.499405263,0.310381579,10,71.1411101,218.3835839,323.9333739
"11","2001",0.499405263,0.310381579,11,34.245623,218.0413033,339.4910225
"12","2001",0.499405263,0.310381579,12,7.4731969,210.9518258,343.7427131
"13","2001",0.749979246,0.601781079,1,14.1145205,196.6366868,343.4997626
"14","2001",0.749979246,0.601781079,2,9.1134927,215.0925336,353.4728426
"15","2001",0.749979246,0.601781079,3,31.8962027,232.7547776,365.0909108
"16","2001",0.749979246,0.601781079,4,146.7914947,234.3879034,345.5941266
"17","2001",0.749979246,0.601781079,5,132.2026988,236.9657452,340.2466215
"18","2001",0.749979246,0.601781079,6,170.5929253,223.8753538,306.4075158
"19","2001",0.749979246,0.601781079,7,113.6616505,217.5605452,294.131582
"20","2001",0.749979246,0.601781079,8,133.6622021,212.5568726,285.7484028
"21","2001",0.749979246,0.601781079,9,195.166854,216.4109145,296.2416248
"22","2001",0.749979246,0.601781079,10,71.1411101,218.3835839,323.9333739
"23","2001",0.749979246,0.601781079,11,34.245623,218.0413033,339.4910225
"24","2001",0.749979246,0.601781079,12,7.4731969,210.9518258,343.7427131
"25","2001",0.805885683,0.558505013,1,14.1145205,196.6366868,343.4997626
"26","2001",0.805885683,0.558505013,2,9.1134927,215.0925336,353.4728426
"27","2001",0.805885683,0.558505013,3,31.8962027,232.7547776,365.0909108
"28","2001",0.805885683,0.558505013,4,146.7914947,234.3879034,345.5941266
"29","2001",0.805885683,0.558505013,5,132.2026988,236.9657452,340.2466215
"30","2001",0.805885683,0.558505013,6,170.5929253,223.8753538,306.4075158
"31","2001",0.805885683,0.558505013,7,113.6616505,217.5605452,294.131582
"32","2001",0.805885683,0.558505013,8,133.6622021,212.5568726,285.7484028
"33","2001",0.805885683,0.558505013,9,195.166854,216.4109145,296.2416248
"34","2001",0.805885683,0.558505013,10,71.1411101,218.3835839,323.9333739
"35","2001",0.805885683,0.558505013,11,34.245623,218.0413033,339.4910225
"36","2001",0.805885683,0.558505013,12,7.4731969,210.9518258,343.7427131
"37","2002",0.569327273,0.372822727,1,8.4054087,204.0226665,333.4860888
"38","2002",0.569327273,0.372822727,2,12.6654843,215.4241229,352.6290079
"39","2002",0.569327273,0.372822727,3,66.3319669,240.5691107,361.7987044
"40","2002",0.569327273,0.372822727,4,132.6314398,240.14794,344.4477415
"41","2002",0.569327273,0.372822727,5,134.0820015,239.1772607,339.5662847
"42","2002",0.569327273,0.372822727,6,202.1651987,224.1391224,316.107777
"43","2002",0.569327273,0.372822727,7,202.3369392,221.8648683,301.7589967
"44","2002",0.569327273,0.372822727,8,147.8875769,217.7555925,288.5058893
"45","2002",0.569327273,0.372822727,9,124.9976147,219.0335046,299.8349218
"46","2002",0.569327273,0.372822727,10,175.5166129,215.6544297,313.287578
"47","2002",0.569327273,0.372822727,11,34.2387332,212.9079395,338.087007
"48","2002",0.569327273,0.372822727,12,3.6882867,204.0579489,339.0641253
"49","2002",0.606377121,0.436997068,1,8.4054087,204.0226665,333.4860888
"50","2002",0.606377121,0.436997068,2,12.6654843,215.4241229,352.6290079
"51","2002",0.606377121,0.436997068,3,66.3319669,240.5691107,361.7987044
"52","2002",0.606377121,0.436997068,4,132.6314398,240.14794,344.4477415
"53","2002",0.606377121,0.436997068,5,134.0820015,239.1772607,339.5662847
"54","2002",0.606377121,0.436997068,6,202.1651987,224.1391224,316.107777
"55","2002",0.606377121,0.436997068,7,202.3369392,221.8648683,301.7589967
"56","2002",0.606377121,0.436997068,8,147.8875769,217.7555925,288.5058893
"57","2002",0.606377121,0.436997068,9,124.9976147,219.0335046,299.8349218
"58","2002",0.606377121,0.436997068,10,175.5166129,215.6544297,313.287578
"59","2002",0.606377121,0.436997068,11,34.2387332,212.9079395,338.087007
"60","2002",0.606377121,0.436997068,12,3.6882867,204.0579489,339.0641253
"61","2002",0.763152472,0.570153915,1,8.4054087,204.0226665,333.4860888
"62","2002",0.763152472,0.570153915,2,12.6654843,215.4241229,352.6290079
"63","2002",0.763152472,0.570153915,3,66.3319669,240.5691107,361.7987044
"64","2002",0.763152472,0.570153915,4,132.6314398,240.14794,344.4477415
"65","2002",0.763152472,0.570153915,5,134.0820015,239.1772607,339.5662847
"66","2002",0.763152472,0.570153915,6,202.1651987,224.1391224,316.107777
"67","2002",0.763152472,0.570153915,7,202.3369392,221.8648683,301.7589967
"68","2002",0.763152472,0.570153915,8,147.8875769,217.7555925,288.5058893
"69","2002",0.763152472,0.570153915,9,124.9976147,219.0335046,299.8349218
"70","2002",0.763152472,0.570153915,10,175.5166129,215.6544297,313.287578
"71","2002",0.763152472,0.570153915,11,34.2387332,212.9079395,338.087007
"72","2002",0.763152472,0.570153915,12,3.6882867,204.0579489,339.0641253
"73","2002",0.8206268,0.661901773,1,8.4054087,204.0226665,333.4860888
"74","2002",0.8206268,0.661901773,2,12.6654843,215.4241229,352.6290079
"75","2002",0.8206268,0.661901773,3,66.3319669,240.5691107,361.7987044
"76","2002",0.8206268,0.661901773,4,132.6314398,240.14794,344.4477415
"77","2002",0.8206268,0.661901773,5,134.0820015,239.1772607,339.5662847
"78","2002",0.8206268,0.661901773,6,202.1651987,224.1391224,316.107777
"79","2002",0.8206268,0.661901773,7,202.3369392,221.8648683,301.7589967
"80","2002",0.8206268,0.661901773,8,147.8875769,217.7555925,288.5058893
"81","2002",0.8206268,0.661901773,9,124.9976147,219.0335046,299.8349218
"82","2002",0.8206268,0.661901773,10,175.5166129,215.6544297,313.287578
"83","2002",0.8206268,0.661901773,11,34.2387332,212.9079395,338.087007
"84","2002",0.8206268,0.661901773,12,3.6882867,204.0579489,339.0641253
"85","2002",0.617454545,0.362930303,1,8.4054087,204.0226665,333.4860888
"86","2002",0.617454545,0.362930303,2,12.6654843,215.4241229,352.6290079
"87","2002",0.617454545,0.362930303,3,66.3319669,240.5691107,361.7987044
"88","2002",0.617454545,0.362930303,4,132.6314398,240.14794,344.4477415
"89","2002",0.617454545,0.362930303,5,134.0820015,239.1772607,339.5662847
"90","2002",0.617454545,0.362930303,6,202.1651987,224.1391224,316.107777
"91","2002",0.617454545,0.362930303,7,202.3369392,221.8648683,301.7589967
"92","2002",0.617454545,0.362930303,8,147.8875769,217.7555925,288.5058893
"93","2002",0.617454545,0.362930303,9,124.9976147,219.0335046,299.8349218
"94","2002",0.617454545,0.362930303,10,175.5166129,215.6544297,313.287578
"95","2002",0.617454545,0.362930303,11,34.2387332,212.9079395,338.087007
"96","2002",0.617454545,0.362930303,12,3.6882867,204.0579489,339.0641253
"97","2003",0.653648546,0.433128006,1,18.4545537,206.7416242,345.2828449
"98","2003",0.653648546,0.433128006,2,30.8796226,233.655663,361.8033733
"99","2003",0.653648546,0.433128006,3,63.5652461,237.2527192,360.7924421
"100","2003",0.653648546,0.433128006,4,131.2095325,236.5257116,340.6370049
"101","2003",0.653648546,0.433128006,5,144.636737,236.8741307,336.8380609
"102","2003",0.653648546,0.433128006,6,213.7205589,222.5532759,303.2336249
"103","2003",0.653648546,0.433128006,7,121.1005659,216.0269633,294.4004849
"104","2003",0.653648546,0.433128006,8,159.3958997,215.150557,290.4963923
"105","2003",0.653648546,0.433128006,9,185.1444619,218.1155326,298.5031521
"106","2003",0.653648546,0.433128006,10,162.9660787,224.4665267,322.7534954
"107","2003",0.653648546,0.433128006,11,69.4791392,213.0521767,339.7829541
"108","2003",0.653648546,0.433128006,12,15.4361672,204.6414446,334.7420764
"109","2003",0.635025055,0.382887599,1,18.4545537,206.7416242,345.2828449
"110","2003",0.635025055,0.382887599,2,30.8796226,233.655663,361.8033733
"111","2003",0.635025055,0.382887599,3,63.5652461,237.2527192,360.7924421
"112","2003",0.635025055,0.382887599,4,131.2095325,236.5257116,340.6370049
"113","2003",0.635025055,0.382887599,5,144.636737,236.8741307,336.8380609
"114","2003",0.635025055,0.382887599,6,213.7205589,222.5532759,303.2336249
"115","2003",0.635025055,0.382887599,7,121.1005659,216.0269633,294.4004849
"116","2003",0.635025055,0.382887599,8,159.3958997,215.150557,290.4963923
"117","2003",0.635025055,0.382887599,9,185.1444619,218.1155326,298.5031521
"118","2003",0.635025055,0.382887599,10,162.9660787,224.4665267,322.7534954
"119","2003",0.635025055,0.382887599,11,69.4791392,213.0521767,339.7829541
"120","2003",0.635025055,0.382887599,12,15.4361672,204.6414446,334.7420764
"121","2003",0.532965,0.31632,1,18.4545537,206.7416242,345.2828449
"122","2003",0.532965,0.31632,2,30.8796226,233.655663,361.8033733
"123","2003",0.532965,0.31632,3,63.5652461,237.2527192,360.7924421
"124","2003",0.532965,0.31632,4,131.2095325,236.5257116,340.6370049
"125","2003",0.532965,0.31632,5,144.636737,236.8741307,336.8380609
"126","2003",0.532965,0.31632,6,213.7205589,222.5532759,303.2336249
"127","2003",0.532965,0.31632,7,121.1005659,216.0269633,294.4004849
"128","2003",0.532965,0.31632,8,159.3958997,215.150557,290.4963923
"129","2003",0.532965,0.31632,9,185.1444619,218.1155326,298.5031521
"130","2003",0.532965,0.31632,10,162.9660787,224.4665267,322.7534954
"131","2003",0.532965,0.31632,11,69.4791392,213.0521767,339.7829541
"132","2003",0.532965,0.31632,12,15.4361672,204.6414446,334.7420764
"133","2003",0.52301087,0.342445652,1,18.4545537,206.7416242,345.2828449
"134","2003",0.52301087,0.342445652,2,30.8796226,233.655663,361.8033733
"135","2003",0.52301087,0.342445652,3,63.5652461,237.2527192,360.7924421
"136","2003",0.52301087,0.342445652,4,131.2095325,236.5257116,340.6370049
"137","2003",0.52301087,0.342445652,5,144.636737,236.8741307,336.8380609
"138","2003",0.52301087,0.342445652,6,213.7205589,222.5532759,303.2336249
"139","2003",0.52301087,0.342445652,7,121.1005659,216.0269633,294.4004849
"140","2003",0.52301087,0.342445652,8,159.3958997,215.150557,290.4963923
"141","2003",0.52301087,0.342445652,9,185.1444619,218.1155326,298.5031521
"142","2003",0.52301087,0.342445652,10,162.9660787,224.4665267,322.7534954
"143","2003",0.52301087,0.342445652,11,69.4791392,213.0521767,339.7829541
"144","2003",0.52301087,0.342445652,12,15.4361672,204.6414446,334.7420764
"145","2003",0.760408604,0.583937657,1,18.4545537,206.7416242,345.2828449
"146","2003",0.760408604,0.583937657,2,30.8796226,233.655663,361.8033733
"147","2003",0.760408604,0.583937657,3,63.5652461,237.2527192,360.7924421
"148","2003",0.760408604,0.583937657,4,131.2095325,236.5257116,340.6370049
"149","2003",0.760408604,0.583937657,5,144.636737,236.8741307,336.8380609
"150","2003",0.760408604,0.583937657,6,213.7205589,222.5532759,303.2336249
"151","2003",0.760408604,0.583937657,7,121.1005659,216.0269633,294.4004849
"152","2003",0.760408604,0.583937657,8,159.3958997,215.150557,290.4963923
"153","2003",0.760408604,0.583937657,9,185.1444619,218.1155326,298.5031521
"154","2003",0.760408604,0.583937657,10,162.9660787,224.4665267,322.7534954
"155","2003",0.760408604,0.583937657,11,69.4791392,213.0521767,339.7829541
"156","2003",0.760408604,0.583937657,12,15.4361672,204.6414446,334.7420764
"157","2003",0.83098917,0.685937184,1,18.4545537,206.7416242,345.2828449
"158","2003",0.83098917,0.685937184,2,30.8796226,233.655663,361.8033733
"159","2003",0.83098917,0.685937184,3,63.5652461,237.2527192,360.7924421
"160","2003",0.83098917,0.685937184,4,131.2095325,236.5257116,340.6370049
"161","2003",0.83098917,0.685937184,5,144.636737,236.8741307,336.8380609
"162","2003",0.83098917,0.685937184,6,213.7205589,222.5532759,303.2336249
"163","2003",0.83098917,0.685937184,7,121.1005659,216.0269633,294.4004849
"164","2003",0.83098917,0.685937184,8,159.3958997,215.150557,290.4963923
"165","2003",0.83098917,0.685937184,9,185.1444619,218.1155326,298.5031521
"166","2003",0.83098917,0.685937184,10,162.9660787,224.4665267,322.7534954
"167","2003",0.83098917,0.685937184,11,69.4791392,213.0521767,339.7829541
"168","2003",0.83098917,0.685937184,12,15.4361672,204.6414446,334.7420764
"169","2003",0.731271711,0.495862355,1,18.4545537,206.7416242,345.2828449
"170","2003",0.731271711,0.495862355,2,30.8796226,233.655663,361.8033733
"171","2003",0.731271711,0.495862355,3,63.5652461,237.2527192,360.7924421
"172","2003",0.731271711,0.495862355,4,131.2095325,236.5257116,340.6370049
"173","2003",0.731271711,0.495862355,5,144.636737,236.8741307,336.8380609
"174","2003",0.731271711,0.495862355,6,213.7205589,222.5532759,303.2336249
"175","2003",0.731271711,0.495862355,7,121.1005659,216.0269633,294.4004849
"176","2003",0.731271711,0.495862355,8,159.3958997,215.150557,290.4963923
"177","2003",0.731271711,0.495862355,9,185.1444619,218.1155326,298.5031521
"178","2003",0.731271711,0.495862355,10,162.9660787,224.4665267,322.7534954
"179","2003",0.731271711,0.495862355,11,69.4791392,213.0521767,339.7829541
"180","2003",0.731271711,0.495862355,12,15.4361672,204.6414446,334.7420764
"181","2004",0.666833281,0.36809256,1,30.2819247,208.4595488,339.8665725
"182","2004",0.666833281,0.36809256,2,28.9086244,225.3673835,352.7998348
"183","2004",0.666833281,0.36809256,3,54.8534811,240.5242338,351.5303668
"184","2004",0.666833281,0.36809256,4,104.891742,238.2910557,339.3897804
"185","2004",0.666833281,0.36809256,5,121.2517899,234.036522,320.3030132
"186","2004",0.666833281,0.36809256,6,118.4360089,220.7769782,304.9783957
"187","2004",0.666833281,0.36809256,7,172.2347866,218.01966,289.7801913
"188","2004",0.666833281,0.36809256,8,145.7246915,216.1236259,288.9815308
"189","2004",0.666833281,0.36809256,9,204.6190541,218.3235989,302.9957752
"190","2004",0.666833281,0.36809256,10,153.5600276,217.4871369,323.5247868
"191","2004",0.666833281,0.36809256,11,50.742546,218.5104428,336.6798566
"192","2004",0.666833281,0.36809256,12,16.1373542,216.4743485,341.6499028
"193","2004",0.820836805,0.536937229,1,30.2819247,208.4595488,339.8665725
"194","2004",0.820836805,0.536937229,2,28.9086244,225.3673835,352.7998348
"195","2004",0.820836805,0.536937229,3,54.8534811,240.5242338,351.5303668
"196","2004",0.820836805,0.536937229,4,104.891742,238.2910557,339.3897804
"197","2004",0.820836805,0.536937229,5,121.2517899,234.036522,320.3030132
"198","2004",0.820836805,0.536937229,6,118.4360089,220.7769782,304.9783957
"199","2004",0.820836805,0.536937229,7,172.2347866,218.01966,289.7801913
"200","2004",0.820836805,0.536937229,8,145.7246915,216.1236259,288.9815308
"201","2004",0.820836805,0.536937229,9,204.6190541,218.3235989,302.9957752
"202","2004",0.820836805,0.536937229,10,153.5600276,217.4871369,323.5247868
"203","2004",0.820836805,0.536937229,11,50.742546,218.5104428,336.6798566
"204","2004",0.820836805,0.536937229,12,16.1373542,216.4743485,341.6499028
"205","2004",0.831403943,0.542494229,1,30.2819247,208.4595488,339.8665725
"206","2004",0.831403943,0.542494229,2,28.9086244,225.3673835,352.7998348
"207","2004",0.831403943,0.542494229,3,54.8534811,240.5242338,351.5303668
"208","2004",0.831403943,0.542494229,4,104.891742,238.2910557,339.3897804
"209","2004",0.831403943,0.542494229,5,121.2517899,234.036522,320.3030132
"210","2004",0.831403943,0.542494229,6,118.4360089,220.7769782,304.9783957
"211","2004",0.831403943,0.542494229,7,172.2347866,218.01966,289.7801913
"212","2004",0.831403943,0.542494229,8,145.7246915,216.1236259,288.9815308
"213","2004",0.831403943,0.542494229,9,204.6190541,218.3235989,302.9957752
"214","2004",0.831403943,0.542494229,10,153.5600276,217.4871369,323.5247868
"215","2004",0.831403943,0.542494229,11,50.742546,218.5104428,336.6798566
"216","2004",0.831403943,0.542494229,12,16.1373542,216.4743485,341.6499028
"217","2004",0.8679,0.5089,1,30.2819247,208.4595488,339.8665725
"218","2004",0.8679,0.5089,2,28.9086244,225.3673835,352.7998348
"219","2004",0.8679,0.5089,3,54.8534811,240.5242338,351.5303668
"220","2004",0.8679,0.5089,4,104.891742,238.2910557,339.3897804
"221","2004",0.8679,0.5089,5,121.2517899,234.036522,320.3030132
"222","2004",0.8679,0.5089,6,118.4360089,220.7769782,304.9783957
"223","2004",0.8679,0.5089,7,172.2347866,218.01966,289.7801913
"224","2004",0.8679,0.5089,8,145.7246915,216.1236259,288.9815308
"225","2004",0.8679,0.5089,9,204.6190541,218.3235989,302.9957752
"226","2004",0.8679,0.5089,10,153.5600276,217.4871369,323.5247868
"227","2004",0.8679,0.5089,11,50.742546,218.5104428,336.6798566
"228","2004",0.8679,0.5089,12,16.1373542,216.4743485,341.6499028
"229","2005",0.694737884,0.401892044,1,4.495054,201.3045731,334.4488283
"230","2005",0.694737884,0.401892044,2,29.1267422,244.3818613,360.7511168
"231","2005",0.694737884,0.401892044,3,96.990392,248.7396437,359.6793508
"232","2005",0.694737884,0.401892044,4,96.8879352,245.4356399,348.0899945
"233","2005",0.694737884,0.401892044,5,157.8893277,236.6134633,328.6681157
"234","2005",0.694737884,0.401892044,6,155.3849635,225.7349055,305.5940517
"235","2005",0.694737884,0.401892044,7,150.8242172,220.4688439,293.0580733
"236","2005",0.694737884,0.401892044,8,97.4957858,214.5415822,287.7059727
"237","2005",0.694737884,0.401892044,9,164.798152,221.8615082,303.9877834
"238","2005",0.694737884,0.401892044,10,154.7982552,220.0593398,322.3713007
"239","2005",0.694737884,0.401892044,11,48.8764311,216.4903639,342.2951359
"240","2005",0.694737884,0.401892044,12,19.5434852,212.9020373,343.4608129
"241","2005",0.764029593,0.607638059,1,4.495054,201.3045731,334.4488283
"242","2005",0.764029593,0.607638059,2,29.1267422,244.3818613,360.7511168
"243","2005",0.764029593,0.607638059,3,96.990392,248.7396437,359.6793508
"244","2005",0.764029593,0.607638059,4,96.8879352,245.4356399,348.0899945
"245","2005",0.764029593,0.607638059,5,157.8893277,236.6134633,328.6681157
"246","2005",0.764029593,0.607638059,6,155.3849635,225.7349055,305.5940517
"247","2005",0.764029593,0.607638059,7,150.8242172,220.4688439,293.0580733
"248","2005",0.764029593,0.607638059,8,97.4957858,214.5415822,287.7059727
"249","2005",0.764029593,0.607638059,9,164.798152,221.8615082,303.9877834
"250","2005",0.764029593,0.607638059,10,154.7982552,220.0593398,322.3713007
"251","2005",0.764029593,0.607638059,11,48.8764311,216.4903639,342.2951359
"252","2005",0.764029593,0.607638059,12,19.5434852,212.9020373,343.4608129
"253","2005",0.776064612,0.508585117,1,4.495054,201.3045731,334.4488283
"254","2005",0.776064612,0.508585117,2,29.1267422,244.3818613,360.7511168
"255","2005",0.776064612,0.508585117,3,96.990392,248.7396437,359.6793508
"256","2005",0.776064612,0.508585117,4,96.8879352,245.4356399,348.0899945
"257","2005",0.776064612,0.508585117,5,157.8893277,236.6134633,328.6681157
"258","2005",0.776064612,0.508585117,6,155.3849635,225.7349055,305.5940517
"259","2005",0.776064612,0.508585117,7,150.8242172,220.4688439,293.0580733
"260","2005",0.776064612,0.508585117,8,97.4957858,214.5415822,287.7059727
"261","2005",0.776064612,0.508585117,9,164.798152,221.8615082,303.9877834
"262","2005",0.776064612,0.508585117,10,154.7982552,220.0593398,322.3713007
"263","2005",0.776064612,0.508585117,11,48.8764311,216.4903639,342.2951359
"264","2005",0.776064612,0.508585117,12,19.5434852,212.9020373,343.4608129
"265","2005",0.676868012,0.405169859,1,4.495054,201.3045731,334.4488283
"266","2005",0.676868012,0.405169859,2,29.1267422,244.3818613,360.7511168
"267","2005",0.676868012,0.405169859,3,96.990392,248.7396437,359.6793508
"268","2005",0.676868012,0.405169859,4,96.8879352,245.4356399,348.0899945
"269","2005",0.676868012,0.405169859,5,157.8893277,236.6134633,328.6681157
"270","2005",0.676868012,0.405169859,6,155.3849635,225.7349055,305.5940517
"271","2005",0.676868012,0.405169859,7,150.8242172,220.4688439,293.0580733
"272","2005",0.676868012,0.405169859,8,97.4957858,214.5415822,287.7059727
"273","2005",0.676868012,0.405169859,9,164.798152,221.8615082,303.9877834
"274","2005",0.676868012,0.405169859,10,154.7982552,220.0593398,322.3713007
"275","2005",0.676868012,0.405169859,11,48.8764311,216.4903639,342.2951359
"276","2005",0.676868012,0.405169859,12,19.5434852,212.9020373,343.4608129
"277","2006",0.676868012,0.405169859,1,6.9026462,210.931397,338.037305
"278","2006",0.676868012,0.405169859,2,26.9813091,229.6768502,356.7364206
"279","2006",0.676868012,0.405169859,3,64.9511907,237.6814983,356.4220335
"280","2006",0.676868012,0.405169859,4,69.9606346,243.6245783,353.7635313
"281","2006",0.676868012,0.405169859,5,182.6483656,232.3386418,325.1685913
"282","2006",0.676868012,0.405169859,6,156.7429003,227.43027,319.3055015
"283","2006",0.676868012,0.405169859,7,119.8405301,224.722409,302.4330652
"284","2006",0.676868012,0.405169859,8,119.9610276,217.0824368,290.3974406
"285","2006",0.676868012,0.405169859,9,208.5238363,219.1756982,298.2232802
"286","2006",0.676868012,0.405169859,10,180.5873411,221.9645223,319.1139254
"287","2006",0.676868012,0.405169859,11,29.305604,208.53671,331.0736059
"288","2006",0.676868012,0.405169859,12,4.2102934,202.6876748,334.2063821
"289","2006",0.59066,0.345695,1,6.9026462,210.931397,338.037305
"290","2006",0.59066,0.345695,2,26.9813091,229.6768502,356.7364206
"291","2006",0.59066,0.345695,3,64.9511907,237.6814983,356.4220335
"292","2006",0.59066,0.345695,4,69.9606346,243.6245783,353.7635313
"293","2006",0.59066,0.345695,5,182.6483656,232.3386418,325.1685913
"294","2006",0.59066,0.345695,6,156.7429003,227.43027,319.3055015
"295","2006",0.59066,0.345695,7,119.8405301,224.722409,302.4330652
"296","2006",0.59066,0.345695,8,119.9610276,217.0824368,290.3974406
"297","2006",0.59066,0.345695,9,208.5238363,219.1756982,298.2232802
"298","2006",0.59066,0.345695,10,180.5873411,221.9645223,319.1139254
"299","2006",0.59066,0.345695,11,29.305604,208.53671,331.0736059
"300","2006",0.59066,0.345695,12,4.2102934,202.6876748,334.2063821
"301","2006",0.733064841,0.426627066,1,6.9026462,210.931397,338.037305
"302","2006",0.733064841,0.426627066,2,26.9813091,229.6768502,356.7364206
"303","2006",0.733064841,0.426627066,3,64.9511907,237.6814983,356.4220335
"304","2006",0.733064841,0.426627066,4,69.9606346,243.6245783,353.7635313
"305","2006",0.733064841,0.426627066,5,182.6483656,232.3386418,325.1685913
"306","2006",0.733064841,0.426627066,6,156.7429003,227.43027,319.3055015
"307","2006",0.733064841,0.426627066,7,119.8405301,224.722409,302.4330652
"308","2006",0.733064841,0.426627066,8,119.9610276,217.0824368,290.3974406
"309","2006",0.733064841,0.426627066,9,208.5238363,219.1756982,298.2232802
"310","2006",0.733064841,0.426627066,10,180.5873411,221.9645223,319.1139254
"311","2006",0.733064841,0.426627066,11,29.305604,208.53671,331.0736059
"312","2006",0.733064841,0.426627066,12,4.2102934,202.6876748,334.2063821
"313","2006",0.776167724,0.609619051,1,6.9026462,210.931397,338.037305
"314","2006",0.776167724,0.609619051,2,26.9813091,229.6768502,356.7364206
"315","2006",0.776167724,0.609619051,3,64.9511907,237.6814983,356.4220335
"316","2006",0.776167724,0.609619051,4,69.9606346,243.6245783,353.7635313
"317","2006",0.776167724,0.609619051,5,182.6483656,232.3386418,325.1685913
"318","2006",0.776167724,0.609619051,6,156.7429003,227.43027,319.3055015
"319","2006",0.776167724,0.609619051,7,119.8405301,224.722409,302.4330652
"320","2006",0.776167724,0.609619051,8,119.9610276,217.0824368,290.3974406
"321","2006",0.776167724,0.609619051,9,208.5238363,219.1756982,298.2232802
"322","2006",0.776167724,0.609619051,10,180.5873411,221.9645223,319.1139254
"323","2006",0.776167724,0.609619051,11,29.305604,208.53671,331.0736059
"324","2006",0.776167724,0.609619051,12,4.2102934,202.6876748,334.2063821
"325","2007",0.630820362,0.406946182,1,0,191.7811028,334.0651604
"326","2007",0.630820362,0.406946182,2,18.4926146,218.3174858,367.3263695
"327","2007",0.630820362,0.406946182,3,53.5178358,239.9276999,362.6431917
"328","2007",0.630820362,0.406946182,4,163.0620511,238.8040417,343.5569798
"329","2007",0.630820362,0.406946182,5,133.4043321,237.6766872,331.5858412
"330","2007",0.630820362,0.406946182,6,150.5134978,227.3218223,312.9634777
"331","2007",0.630820362,0.406946182,7,177.8844137,222.9933916,298.2080579
"332","2007",0.630820362,0.406946182,8,199.4791911,216.0415891,286.0478491
"333","2007",0.630820362,0.406946182,9,223.698932,219.7915186,302.1058682
"334","2007",0.630820362,0.406946182,10,153.8616896,222.2797865,320.6536384
"335","2007",0.630820362,0.406946182,11,71.6177407,214.5276877,336.9750896
"336","2007",0.630820362,0.406946182,12,21.5817585,206.2277686,337.8877613
"337","2007",0.580755179,0.386178127,1,0,191.7811028,334.0651604
"338","2007",0.580755179,0.386178127,2,18.4926146,218.3174858,367.3263695
"339","2007",0.580755179,0.386178127,3,53.5178358,239.9276999,362.6431917
"340","2007",0.580755179,0.386178127,4,163.0620511,238.8040417,343.5569798
"341","2007",0.580755179,0.386178127,5,133.4043321,237.6766872,331.5858412
"342","2007",0.580755179,0.386178127,6,150.5134978,227.3218223,312.9634777
"343","2007",0.580755179,0.386178127,7,177.8844137,222.9933916,298.2080579
"344","2007",0.580755179,0.386178127,8,199.4791911,216.0415891,286.0478491
"345","2007",0.580755179,0.386178127,9,223.698932,219.7915186,302.1058682
"346","2007",0.580755179,0.386178127,10,153.8616896,222.2797865,320.6536384
"347","2007",0.580755179,0.386178127,11,71.6177407,214.5276877,336.9750896
"348","2007",0.580755179,0.386178127,12,21.5817585,206.2277686,337.8877613
"349","2007",0.563075378,0.413725594,1,0,191.7811028,334.0651604
"350","2007",0.563075378,0.413725594,2,18.4926146,218.3174858,367.3263695
"351","2007",0.563075378,0.413725594,3,53.5178358,239.9276999,362.6431917
"352","2007",0.563075378,0.413725594,4,163.0620511,238.8040417,343.5569798
"353","2007",0.563075378,0.413725594,5,133.4043321,237.6766872,331.5858412
"354","2007",0.563075378,0.413725594,6,150.5134978,227.3218223,312.9634777
"355","2007",0.563075378,0.413725594,7,177.8844137,222.9933916,298.2080579
"356","2007",0.563075378,0.413725594,8,199.4791911,216.0415891,286.0478491
"357","2007",0.563075378,0.413725594,9,223.698932,219.7915186,302.1058682
"358","2007",0.563075378,0.413725594,10,153.8616896,222.2797865,320.6536384
"359","2007",0.563075378,0.413725594,11,71.6177407,214.5276877,336.9750896
"360","2007",0.563075378,0.413725594,12,21.5817585,206.2277686,337.8877613
"361","2007",0.785529344,0.500077157,1,0,191.7811028,334.0651604
"362","2007",0.785529344,0.500077157,2,18.4926146,218.3174858,367.3263695
"363","2007",0.785529344,0.500077157,3,53.5178358,239.9276999,362.6431917
"364","2007",0.785529344,0.500077157,4,163.0620511,238.8040417,343.5569798
"365","2007",0.785529344,0.500077157,5,133.4043321,237.6766872,331.5858412
"366","2007",0.785529344,0.500077157,6,150.5134978,227.3218223,312.9634777
"367","2007",0.785529344,0.500077157,7,177.8844137,222.9933916,298.2080579
"368","2007",0.785529344,0.500077157,8,199.4791911,216.0415891,286.0478491
"369","2007",0.785529344,0.500077157,9,223.698932,219.7915186,302.1058682
"370","2007",0.785529344,0.500077157,10,153.8616896,222.2797865,320.6536384
"371","2007",0.785529344,0.500077157,11,71.6177407,214.5276877,336.9750896
"372","2007",0.785529344,0.500077157,12,21.5817585,206.2277686,337.8877613
"373","2007",0.804113594,0.585572161,1,0,191.7811028,334.0651604
"374","2007",0.804113594,0.585572161,2,18.4926146,218.3174858,367.3263695
"375","2007",0.804113594,0.585572161,3,53.5178358,239.9276999,362.6431917
"376","2007",0.804113594,0.585572161,4,163.0620511,238.8040417,343.5569798
"377","2007",0.804113594,0.585572161,5,133.4043321,237.6766872,331.5858412
"378","2007",0.804113594,0.585572161,6,150.5134978,227.3218223,312.9634777
"379","2007",0.804113594,0.585572161,7,177.8844137,222.9933916,298.2080579
"380","2007",0.804113594,0.585572161,8,199.4791911,216.0415891,286.0478491
"381","2007",0.804113594,0.585572161,9,223.698932,219.7915186,302.1058682
"382","2007",0.804113594,0.585572161,10,153.8616896,222.2797865,320.6536384
"383","2007",0.804113594,0.585572161,11,71.6177407,214.5276877,336.9750896
"384","2007",0.804113594,0.585572161,12,21.5817585,206.2277686,337.8877613
"385","2007",0.616677424,0.361622209,1,0,191.7811028,334.0651604
"386","2007",0.616677424,0.361622209,2,18.4926146,218.3174858,367.3263695
"387","2007",0.616677424,0.361622209,3,53.5178358,239.9276999,362.6431917
"388","2007",0.616677424,0.361622209,4,163.0620511,238.8040417,343.5569798
"389","2007",0.616677424,0.361622209,5,133.4043321,237.6766872,331.5858412
"390","2007",0.616677424,0.361622209,6,150.5134978,227.3218223,312.9634777
"391","2007",0.616677424,0.361622209,7,177.8844137,222.9933916,298.2080579
"392","2007",0.616677424,0.361622209,8,199.4791911,216.0415891,286.0478491
"393","2007",0.616677424,0.361622209,9,223.698932,219.7915186,302.1058682
"394","2007",0.616677424,0.361622209,10,153.8616896,222.2797865,320.6536384
"395","2007",0.616677424,0.361622209,11,71.6177407,214.5276877,336.9750896
"396","2007",0.616677424,0.361622209,12,21.5817585,206.2277686,337.8877613
"397","2008",0.616677424,0.361622209,1,3.3896598,184.9344536,321.0587461
"398","2008",0.616677424,0.361622209,2,14.4991484,213.368782,354.3193776
"399","2008",0.616677424,0.361622209,3,99.937882,234.181284,358.5887581
"400","2008",0.616677424,0.361622209,4,106.4373817,238.8730665,349.3113901
"401","2008",0.616677424,0.361622209,5,157.029405,235.2326417,331.4252483
"402","2008",0.616677424,0.361622209,6,205.901106,223.5089443,309.0682138
"403","2008",0.616677424,0.361622209,7,201.970401,218.3138364,292.6862405
"404","2008",0.616677424,0.361622209,8,213.2303989,214.411836,287.3654475
"405","2008",0.616677424,0.361622209,9,176.4966939,219.2536112,298.8838811
"406","2008",0.616677424,0.361622209,10,125.2885387,222.0875455,317.00093
"407","2008",0.616677424,0.361622209,11,57.8848357,209.4538392,338.3400752
"408","2008",0.616677424,0.361622209,12,33.3143662,210.1789732,341.6912181
"409","2008",0.648312207,0.405416343,1,3.3896598,184.9344536,321.0587461
"410","2008",0.648312207,0.405416343,2,14.4991484,213.368782,354.3193776
"411","2008",0.648312207,0.405416343,3,99.937882,234.181284,358.5887581
"412","2008",0.648312207,0.405416343,4,106.4373817,238.8730665,349.3113901
"413","2008",0.648312207,0.405416343,5,157.029405,235.2326417,331.4252483
"414","2008",0.648312207,0.405416343,6,205.901106,223.5089443,309.0682138
"415","2008",0.648312207,0.405416343,7,201.970401,218.3138364,292.6862405
"416","2008",0.648312207,0.405416343,8,213.2303989,214.411836,287.3654475
"417","2008",0.648312207,0.405416343,9,176.4966939,219.2536112,298.8838811
"418","2008",0.648312207,0.405416343,10,125.2885387,222.0875455,317.00093
"419","2008",0.648312207,0.405416343,11,57.8848357,209.4538392,338.3400752
"420","2008",0.648312207,0.405416343,12,33.3143662,210.1789732,341.6912181
"421","2008",0.632218456,0.434413847,1,3.3896598,184.9344536,321.0587461
"422","2008",0.632218456,0.434413847,2,14.4991484,213.368782,354.3193776
"423","2008",0.632218456,0.434413847,3,99.937882,234.181284,358.5887581
"424","2008",0.632218456,0.434413847,4,106.4373817,238.8730665,349.3113901
"425","2008",0.632218456,0.434413847,5,157.029405,235.2326417,331.4252483
"426","2008",0.632218456,0.434413847,6,205.901106,223.5089443,309.0682138
"427","2008",0.632218456,0.434413847,7,201.970401,218.3138364,292.6862405
"428","2008",0.632218456,0.434413847,8,213.2303989,214.411836,287.3654475
"429","2008",0.632218456,0.434413847,9,176.4966939,219.2536112,298.8838811
"430","2008",0.632218456,0.434413847,10,125.2885387,222.0875455,317.00093
"431","2008",0.632218456,0.434413847,11,57.8848357,209.4538392,338.3400752
"432","2008",0.632218456,0.434413847,12,33.3143662,210.1789732,341.6912181
"433","2008",0.810799239,0.524054222,1,3.3896598,184.9344536,321.0587461
"434","2008",0.810799239,0.524054222,2,14.4991484,213.368782,354.3193776
"435","2008",0.810799239,0.524054222,3,99.937882,234.181284,358.5887581
"436","2008",0.810799239,0.524054222,4,106.4373817,238.8730665,349.3113901
"437","2008",0.810799239,0.524054222,5,157.029405,235.2326417,331.4252483
"438","2008",0.810799239,0.524054222,6,205.901106,223.5089443,309.0682138
"439","2008",0.810799239,0.524054222,7,201.970401,218.3138364,292.6862405
"440","2008",0.810799239,0.524054222,8,213.2303989,214.411836,287.3654475
"441","2008",0.810799239,0.524054222,9,176.4966939,219.2536112,298.8838811
"442","2008",0.810799239,0.524054222,10,125.2885387,222.0875455,317.00093
"443","2008",0.810799239,0.524054222,11,57.8848357,209.4538392,338.3400752
"444","2008",0.810799239,0.524054222,12,33.3143662,210.1789732,341.6912181
"445","2008",0.812370052,0.595760825,1,3.3896598,184.9344536,321.0587461
"446","2008",0.812370052,0.595760825,2,14.4991484,213.368782,354.3193776
"447","2008",0.812370052,0.595760825,3,99.937882,234.181284,358.5887581
"448","2008",0.812370052,0.595760825,4,106.4373817,238.8730665,349.3113901
"449","2008",0.812370052,0.595760825,5,157.029405,235.2326417,331.4252483
"450","2008",0.812370052,0.595760825,6,205.901106,223.5089443,309.0682138
"451","2008",0.812370052,0.595760825,7,201.970401,218.3138364,292.6862405
"452","2008",0.812370052,0.595760825,8,213.2303989,214.411836,287.3654475
"453","2008",0.812370052,0.595760825,9,176.4966939,219.2536112,298.8838811
"454","2008",0.812370052,0.595760825,10,125.2885387,222.0875455,317.00093
"455","2008",0.812370052,0.595760825,11,57.8848357,209.4538392,338.3400752
"456","2008",0.812370052,0.595760825,12,33.3143662,210.1789732,341.6912181
"457","2008",0.819393108,0.526699983,1,3.3896598,184.9344536,321.0587461
"458","2008",0.819393108,0.526699983,2,14.4991484,213.368782,354.3193776
"459","2008",0.819393108,0.526699983,3,99.937882,234.181284,358.5887581
"460","2008",0.819393108,0.526699983,4,106.4373817,238.8730665,349.3113901
"461","2008",0.819393108,0.526699983,5,157.029405,235.2326417,331.4252483
"462","2008",0.819393108,0.526699983,6,205.901106,223.5089443,309.0682138
"463","2008",0.819393108,0.526699983,7,201.970401,218.3138364,292.6862405
"464","2008",0.819393108,0.526699983,8,213.2303989,214.411836,287.3654475
"465","2008",0.819393108,0.526699983,9,176.4966939,219.2536112,298.8838811
"466","2008",0.819393108,0.526699983,10,125.2885387,222.0875455,317.00093
"467","2008",0.819393108,0.526699983,11,57.8848357,209.4538392,338.3400752
"468","2008",0.819393108,0.526699983,12,33.3143662,210.1789732,341.6912181
"469","2008",0.759674194,0.472216129,1,3.3896598,184.9344536,321.0587461
"470","2008",0.759674194,0.472216129,2,14.4991484,213.368782,354.3193776
"471","2008",0.759674194,0.472216129,3,99.937882,234.181284,358.5887581
"472","2008",0.759674194,0.472216129,4,106.4373817,238.8730665,349.3113901
"473","2008",0.759674194,0.472216129,5,157.029405,235.2326417,331.4252483
"474","2008",0.759674194,0.472216129,6,205.901106,223.5089443,309.0682138
"475","2008",0.759674194,0.472216129,7,201.970401,218.3138364,292.6862405
"476","2008",0.759674194,0.472216129,8,213.2303989,214.411836,287.3654475
"477","2008",0.759674194,0.472216129,9,176.4966939,219.2536112,298.8838811
"478","2008",0.759674194,0.472216129,10,125.2885387,222.0875455,317.00093
"479","2008",0.759674194,0.472216129,11,57.8848357,209.4538392,338.3400752
"480","2008",0.759674194,0.472216129,12,33.3143662,210.1789732,341.6912181
"481","2009",0.610257895,0.356944737,1,4.4826048,201.2887012,339.5812476
"482","2009",0.610257895,0.356944737,2,32.4460734,236.6328179,360.0005691
"483","2009",0.610257895,0.356944737,3,82.812294,243.5852963,357.1391097
"484","2009",0.610257895,0.356944737,4,121.3752057,235.5508769,342.1730005
"485","2009",0.610257895,0.356944737,5,132.7110858,235.3115713,334.138288
"486","2009",0.610257895,0.356944737,6,212.8348562,226.3641926,312.5406285
"487","2009",0.610257895,0.356944737,7,212.839049,222.0387539,296.9650447
"488","2009",0.610257895,0.356944737,8,158.5532844,218.374467,288.3407371
"489","2009",0.610257895,0.356944737,9,149.8155994,220.459506,301.0892378
"490","2009",0.610257895,0.356944737,10,130.5369879,222.7015225,314.1749944
"491","2009",0.610257895,0.356944737,11,35.3807129,210.7877887,332.0670686
"492","2009",0.610257895,0.356944737,12,23.7177765,208.4379246,345.8312709
"493","2009",0.706162107,0.477463611,1,4.4826048,201.2887012,339.5812476
"494","2009",0.706162107,0.477463611,2,32.4460734,236.6328179,360.0005691
"495","2009",0.706162107,0.477463611,3,82.812294,243.5852963,357.1391097
"496","2009",0.706162107,0.477463611,4,121.3752057,235.5508769,342.1730005
"497","2009",0.706162107,0.477463611,5,132.7110858,235.3115713,334.138288
"498","2009",0.706162107,0.477463611,6,212.8348562,226.3641926,312.5406285
"499","2009",0.706162107,0.477463611,7,212.839049,222.0387539,296.9650447
"500","2009",0.706162107,0.477463611,8,158.5532844,218.374467,288.3407371
"501","2009",0.706162107,0.477463611,9,149.8155994,220.459506,301.0892378
"502","2009",0.706162107,0.477463611,10,130.5369879,222.7015225,314.1749944
"503","2009",0.706162107,0.477463611,11,35.3807129,210.7877887,332.0670686
"504","2009",0.706162107,0.477463611,12,23.7177765,208.4379246,345.8312709
"505","2009",0.714625866,0.447495367,1,4.4826048,201.2887012,339.5812476
"506","2009",0.714625866,0.447495367,2,32.4460734,236.6328179,360.0005691
"507","2009",0.714625866,0.447495367,3,82.812294,243.5852963,357.1391097
"508","2009",0.714625866,0.447495367,4,121.3752057,235.5508769,342.1730005
"509","2009",0.714625866,0.447495367,5,132.7110858,235.3115713,334.138288
"510","2009",0.714625866,0.447495367,6,212.8348562,226.3641926,312.5406285
"511","2009",0.714625866,0.447495367,7,212.839049,222.0387539,296.9650447
"512","2009",0.714625866,0.447495367,8,158.5532844,218.374467,288.3407371
"513","2009",0.714625866,0.447495367,9,149.8155994,220.459506,301.0892378
"514","2009",0.714625866,0.447495367,10,130.5369879,222.7015225,314.1749944
"515","2009",0.714625866,0.447495367,11,35.3807129,210.7877887,332.0670686
"516","2009",0.714625866,0.447495367,12,23.7177765,208.4379246,345.8312709
"517","2009",0.7773603,0.631218123,1,4.4826048,201.2887012,339.5812476
"518","2009",0.7773603,0.631218123,2,32.4460734,236.6328179,360.0005691
"519","2009",0.7773603,0.631218123,3,82.812294,243.5852963,357.1391097
"520","2009",0.7773603,0.631218123,4,121.3752057,235.5508769,342.1730005
"521","2009",0.7773603,0.631218123,5,132.7110858,235.3115713,334.138288
"522","2009",0.7773603,0.631218123,6,212.8348562,226.3641926,312.5406285
"523","2009",0.7773603,0.631218123,7,212.839049,222.0387539,296.9650447
"524","2009",0.7773603,0.631218123,8,158.5532844,218.374467,288.3407371
"525","2009",0.7773603,0.631218123,9,149.8155994,220.459506,301.0892378
"526","2009",0.7773603,0.631218123,10,130.5369879,222.7015225,314.1749944
"527","2009",0.7773603,0.631218123,11,35.3807129,210.7877887,332.0670686
"528","2009",0.7773603,0.631218123,12,23.7177765,208.4379246,345.8312709
"529","2009",0.827480148,0.643054705,1,4.4826048,201.2887012,339.5812476
"530","2009",0.827480148,0.643054705,2,32.4460734,236.6328179,360.0005691
"531","2009",0.827480148,0.643054705,3,82.812294,243.5852963,357.1391097
"532","2009",0.827480148,0.643054705,4,121.3752057,235.5508769,342.1730005
"533","2009",0.827480148,0.643054705,5,132.7110858,235.3115713,334.138288
"534","2009",0.827480148,0.643054705,6,212.8348562,226.3641926,312.5406285
"535","2009",0.827480148,0.643054705,7,212.839049,222.0387539,296.9650447
"536","2009",0.827480148,0.643054705,8,158.5532844,218.374467,288.3407371
"537","2009",0.827480148,0.643054705,9,149.8155994,220.459506,301.0892378
"538","2009",0.827480148,0.643054705,10,130.5369879,222.7015225,314.1749944
"539","2009",0.827480148,0.643054705,11,35.3807129,210.7877887,332.0670686
"540","2009",0.827480148,0.643054705,12,23.7177765,208.4379246,345.8312709
"541","2009",0.784748215,0.60951168,1,4.4826048,201.2887012,339.5812476
"542","2009",0.784748215,0.60951168,2,32.4460734,236.6328179,360.0005691
"543","2009",0.784748215,0.60951168,3,82.812294,243.5852963,357.1391097
"544","2009",0.784748215,0.60951168,4,121.3752057,235.5508769,342.1730005
"545","2009",0.784748215,0.60951168,5,132.7110858,235.3115713,334.138288
"546","2009",0.784748215,0.60951168,6,212.8348562,226.3641926,312.5406285
"547","2009",0.784748215,0.60951168,7,212.839049,222.0387539,296.9650447
"548","2009",0.784748215,0.60951168,8,158.5532844,218.374467,288.3407371
"549","2009",0.784748215,0.60951168,9,149.8155994,220.459506,301.0892378
"550","2009",0.784748215,0.60951168,10,130.5369879,222.7015225,314.1749944
"551","2009",0.784748215,0.60951168,11,35.3807129,210.7877887,332.0670686
"552","2009",0.784748215,0.60951168,12,23.7177765,208.4379246,345.8312709
"553","2009",0.799050201,0.573887187,1,4.4826048,201.2887012,339.5812476
"554","2009",0.799050201,0.573887187,2,32.4460734,236.6328179,360.0005691
"555","2009",0.799050201,0.573887187,3,82.812294,243.5852963,357.1391097
"556","2009",0.799050201,0.573887187,4,121.3752057,235.5508769,342.1730005
"557","2009",0.799050201,0.573887187,5,132.7110858,235.3115713,334.138288
"558","2009",0.799050201,0.573887187,6,212.8348562,226.3641926,312.5406285
"559","2009",0.799050201,0.573887187,7,212.839049,222.0387539,296.9650447
"560","2009",0.799050201,0.573887187,8,158.5532844,218.374467,288.3407371
"561","2009",0.799050201,0.573887187,9,149.8155994,220.459506,301.0892378
"562","2009",0.799050201,0.573887187,10,130.5369879,222.7015225,314.1749944
"563","2009",0.799050201,0.573887187,11,35.3807129,210.7877887,332.0670686
"564","2009",0.799050201,0.573887187,12,23.7177765,208.4379246,345.8312709
"565","2010",0.652537415,0.452081496,1,13.4463185,206.5338236,354.8296874
"566","2010",0.652537415,0.452081496,2,36.6579795,235.8244478,367.6637543
"567","2010",0.652537415,0.452081496,3,45.5480811,249.5632379,367.4979204
"568","2010",0.652537415,0.452081496,4,105.4029858,246.07096,353.3954795
"569","2010",0.652537415,0.452081496,5,108.5632844,243.4367374,331.7649741
"570","2010",0.652537415,0.452081496,6,187.3293473,231.5358516,313.9447497
"571","2010",0.652537415,0.452081496,7,134.9894516,222.9065604,296.6658321
"572","2010",0.652537415,0.452081496,8,189.4431219,219.3157382,291.3917507
"573","2010",0.652537415,0.452081496,9,247.2266599,220.1311934,297.3426563
"574","2010",0.652537415,0.452081496,10,201.3215266,222.0704731,311.8278356
"575","2010",0.652537415,0.452081496,11,69.6227836,217.9633695,337.0062756
"576","2010",0.652537415,0.452081496,12,21.2992805,200.0261326,342.0425931
"577","2010",0.62713993,0.41914915,1,13.4463185,206.5338236,354.8296874
"578","2010",0.62713993,0.41914915,2,36.6579795,235.8244478,367.6637543
"579","2010",0.62713993,0.41914915,3,45.5480811,249.5632379,367.4979204
"580","2010",0.62713993,0.41914915,4,105.4029858,246.07096,353.3954795
"581","2010",0.62713993,0.41914915,5,108.5632844,243.4367374,331.7649741
"582","2010",0.62713993,0.41914915,6,187.3293473,231.5358516,313.9447497
"583","2010",0.62713993,0.41914915,7,134.9894516,222.9065604,296.6658321
"584","2010",0.62713993,0.41914915,8,189.4431219,219.3157382,291.3917507
"585","2010",0.62713993,0.41914915,9,247.2266599,220.1311934,297.3426563
"586","2010",0.62713993,0.41914915,10,201.3215266,222.0704731,311.8278356
"587","2010",0.62713993,0.41914915,11,69.6227836,217.9633695,337.0062756
"588","2010",0.62713993,0.41914915,12,21.2992805,200.0261326,342.0425931
"589","2010",0.795015781,0.502110274,1,13.4463185,206.5338236,354.8296874
"590","2010",0.795015781,0.502110274,2,36.6579795,235.8244478,367.6637543
"591","2010",0.795015781,0.502110274,3,45.5480811,249.5632379,367.4979204
"592","2010",0.795015781,0.502110274,4,105.4029858,246.07096,353.3954795
"593","2010",0.795015781,0.502110274,5,108.5632844,243.4367374,331.7649741
"594","2010",0.795015781,0.502110274,6,187.3293473,231.5358516,313.9447497
"595","2010",0.795015781,0.502110274,7,134.9894516,222.9065604,296.6658321
"596","2010",0.795015781,0.502110274,8,189.4431219,219.3157382,291.3917507
"597","2010",0.795015781,0.502110274,9,247.2266599,220.1311934,297.3426563
"598","2010",0.795015781,0.502110274,10,201.3215266,222.0704731,311.8278356
"599","2010",0.795015781,0.502110274,11,69.6227836,217.9633695,337.0062756
"600","2010",0.795015781,0.502110274,12,21.2992805,200.0261326,342.0425931
"601","2011",0.662417501,0.385678829,1,9.7809386,200.3503918,341.286447
"602","2011",0.662417501,0.385678829,2,43.223228,225.3987657,354.282427
"603","2011",0.662417501,0.385678829,3,45.3120918,246.5343457,360.1018913
"604","2011",0.662417501,0.385678829,4,74.7296626,239.9034237,351.7501318
"605","2011",0.662417501,0.385678829,5,113.0966969,236.5438079,334.9832489
"606","2011",0.662417501,0.385678829,6,163.8861555,230.1254703,312.4867905
"607","2011",0.662417501,0.385678829,7,190.8989884,220.9444769,298.5924025
"608","2011",0.662417501,0.385678829,8,134.3493048,217.7044151,289.0494299
"609","2011",0.662417501,0.385678829,9,186.0744464,220.9175673,300.8425474
"610","2011",0.662417501,0.385678829,10,203.9430735,224.1426901,314.9866794
"611","2011",0.662417501,0.385678829,11,21.4862101,212.3586008,339.9046328
"612","2011",0.662417501,0.385678829,12,5.0656825,198.4347731,332.6836304
"613","2011",0.729937625,0.615637074,1,9.7809386,200.3503918,341.286447
"614","2011",0.729937625,0.615637074,2,43.223228,225.3987657,354.282427
"615","2011",0.729937625,0.615637074,3,45.3120918,246.5343457,360.1018913
"616","2011",0.729937625,0.615637074,4,74.7296626,239.9034237,351.7501318
"617","2011",0.729937625,0.615637074,5,113.0966969,236.5438079,334.9832489
"618","2011",0.729937625,0.615637074,6,163.8861555,230.1254703,312.4867905
"619","2011",0.729937625,0.615637074,7,190.8989884,220.9444769,298.5924025
"620","2011",0.729937625,0.615637074,8,134.3493048,217.7044151,289.0494299
"621","2011",0.729937625,0.615637074,9,186.0744464,220.9175673,300.8425474
"622","2011",0.729937625,0.615637074,10,203.9430735,224.1426901,314.9866794
"623","2011",0.729937625,0.615637074,11,21.4862101,212.3586008,339.9046328
"624","2011",0.729937625,0.615637074,12,5.0656825,198.4347731,332.6836304
"625","2011",0.6884439,0.422556528,1,9.7809386,200.3503918,341.286447
"626","2011",0.6884439,0.422556528,2,43.223228,225.3987657,354.282427
"627","2011",0.6884439,0.422556528,3,45.3120918,246.5343457,360.1018913
"628","2011",0.6884439,0.422556528,4,74.7296626,239.9034237,351.7501318
"629","2011",0.6884439,0.422556528,5,113.0966969,236.5438079,334.9832489
"630","2011",0.6884439,0.422556528,6,163.8861555,230.1254703,312.4867905
"631","2011",0.6884439,0.422556528,7,190.8989884,220.9444769,298.5924025
"632","2011",0.6884439,0.422556528,8,134.3493048,217.7044151,289.0494299
"633","2011",0.6884439,0.422556528,9,186.0744464,220.9175673,300.8425474
"634","2011",0.6884439,0.422556528,10,203.9430735,224.1426901,314.9866794
"635","2011",0.6884439,0.422556528,11,21.4862101,212.3586008,339.9046328
"636","2011",0.6884439,0.422556528,12,5.0656825,198.4347731,332.6836304
"637","2012",0.688173581,0.42265106,1,18.641622,197.4799161,343.827116
"638","2012",0.688173581,0.42265106,2,42.8500935,226.9046872,348.6083807
"639","2012",0.688173581,0.42265106,3,30.2990188,241.2108238,356.6116343
"640","2012",0.688173581,0.42265106,4,118.2363713,237.8417461,341.8896417
"641","2012",0.688173581,0.42265106,5,152.3710049,232.9353074,321.8453901
"642","2012",0.688173581,0.42265106,6,186.0371742,222.5031329,308.336709
"643","2012",0.688173581,0.42265106,7,152.8366925,219.057397,291.2701465
"644","2012",0.688173581,0.42265106,8,138.1355193,215.0546725,286.8855169
"645","2012",0.688173581,0.42265106,9,185.3440664,216.5283239,299.2834131
"646","2012",0.688173581,0.42265106,10,121.8681256,224.8593149,313.2275032
"647","2012",0.688173581,0.42265106,11,61.1568305,220.526989,337.7307968
"648","2012",0.688173581,0.42265106,12,70.3858561,206.1133732,338.5623764
"649","2012",0.38993125,0.25515625,1,18.641622,197.4799161,343.827116
"650","2012",0.38993125,0.25515625,2,42.8500935,226.9046872,348.6083807
"651","2012",0.38993125,0.25515625,3,30.2990188,241.2108238,356.6116343
"652","2012",0.38993125,0.25515625,4,118.2363713,237.8417461,341.8896417
"653","2012",0.38993125,0.25515625,5,152.3710049,232.9353074,321.8453901
"654","2012",0.38993125,0.25515625,6,186.0371742,222.5031329,308.336709
"655","2012",0.38993125,0.25515625,7,152.8366925,219.057397,291.2701465
"656","2012",0.38993125,0.25515625,8,138.1355193,215.0546725,286.8855169
"657","2012",0.38993125,0.25515625,9,185.3440664,216.5283239,299.2834131
"658","2012",0.38993125,0.25515625,10,121.8681256,224.8593149,313.2275032
"659","2012",0.38993125,0.25515625,11,61.1568305,220.526989,337.7307968
"660","2012",0.38993125,0.25515625,12,70.3858561,206.1133732,338.5623764
"661","2012",0.630213145,0.371264093,1,18.641622,197.4799161,343.827116
"662","2012",0.630213145,0.371264093,2,42.8500935,226.9046872,348.6083807
"663","2012",0.630213145,0.371264093,3,30.2990188,241.2108238,356.6116343
"664","2012",0.630213145,0.371264093,4,118.2363713,237.8417461,341.8896417
"665","2012",0.630213145,0.371264093,5,152.3710049,232.9353074,321.8453901
"666","2012",0.630213145,0.371264093,6,186.0371742,222.5031329,308.336709
"667","2012",0.630213145,0.371264093,7,152.8366925,219.057397,291.2701465
"668","2012",0.630213145,0.371264093,8,138.1355193,215.0546725,286.8855169
"669","2012",0.630213145,0.371264093,9,185.3440664,216.5283239,299.2834131
"670","2012",0.630213145,0.371264093,10,121.8681256,224.8593149,313.2275032
"671","2012",0.630213145,0.371264093,11,61.1568305,220.526989,337.7307968
"672","2012",0.630213145,0.371264093,12,70.3858561,206.1133732,338.5623764
"673","2012",0.647536301,0.417523188,1,18.641622,197.4799161,343.827116
"674","2012",0.647536301,0.417523188,2,42.8500935,226.9046872,348.6083807
"675","2012",0.647536301,0.417523188,3,30.2990188,241.2108238,356.6116343
"676","2012",0.647536301,0.417523188,4,118.2363713,237.8417461,341.8896417
"677","2012",0.647536301,0.417523188,5,152.3710049,232.9353074,321.8453901
"678","2012",0.647536301,0.417523188,6,186.0371742,222.5031329,308.336709
"679","2012",0.647536301,0.417523188,7,152.8366925,219.057397,291.2701465
"680","2012",0.647536301,0.417523188,8,138.1355193,215.0546725,286.8855169
"681","2012",0.647536301,0.417523188,9,185.3440664,216.5283239,299.2834131
"682","2012",0.647536301,0.417523188,10,121.8681256,224.8593149,313.2275032
"683","2012",0.647536301,0.417523188,11,61.1568305,220.526989,337.7307968
"684","2012",0.647536301,0.417523188,12,70.3858561,206.1133732,338.5623764
"685","2012",0.775604695,0.508114998,1,18.641622,197.4799161,343.827116
"686","2012",0.775604695,0.508114998,2,42.8500935,226.9046872,348.6083807
"687","2012",0.775604695,0.508114998,3,30.2990188,241.2108238,356.6116343
"688","2012",0.775604695,0.508114998,4,118.2363713,237.8417461,341.8896417
"689","2012",0.775604695,0.508114998,5,152.3710049,232.9353074,321.8453901
"690","2012",0.775604695,0.508114998,6,186.0371742,222.5031329,308.336709
"691","2012",0.775604695,0.508114998,7,152.8366925,219.057397,291.2701465
"692","2012",0.775604695,0.508114998,8,138.1355193,215.0546725,286.8855169
"693","2012",0.775604695,0.508114998,9,185.3440664,216.5283239,299.2834131
"694","2012",0.775604695,0.508114998,10,121.8681256,224.8593149,313.2275032
"695","2012",0.775604695,0.508114998,11,61.1568305,220.526989,337.7307968
"696","2012",0.775604695,0.508114998,12,70.3858561,206.1133732,338.5623764
"697","2012",0.626710204,0.392087755,1,18.641622,197.4799161,343.827116
"698","2012",0.626710204,0.392087755,2,42.8500935,226.9046872,348.6083807
"699","2012",0.626710204,0.392087755,3,30.2990188,241.2108238,356.6116343
"700","2012",0.626710204,0.392087755,4,118.2363713,237.8417461,341.8896417
"701","2012",0.626710204,0.392087755,5,152.3710049,232.9353074,321.8453901
"702","2012",0.626710204,0.392087755,6,186.0371742,222.5031329,308.336709
"703","2012",0.626710204,0.392087755,7,152.8366925,219.057397,291.2701465
"704","2012",0.626710204,0.392087755,8,138.1355193,215.0546725,286.8855169
"705","2012",0.626710204,0.392087755,9,185.3440664,216.5283239,299.2834131
"706","2012",0.626710204,0.392087755,10,121.8681256,224.8593149,313.2275032
"707","2012",0.626710204,0.392087755,11,61.1568305,220.526989,337.7307968
"708","2012",0.626710204,0.392087755,12,70.3858561,206.1133732,338.5623764
"709","2013",0.614588889,0.383135185,1,12.9745217,200.450774,345.2072539
"710","2013",0.614588889,0.383135185,2,4.845522,226.8393363,369.2814939
"711","2013",0.614588889,0.383135185,3,76.889669,245.2674187,360.3106268
"712","2013",0.614588889,0.383135185,4,129.8048799,236.5619347,342.5923837
"713","2013",0.614588889,0.383135185,5,155.3930213,231.655125,330.4410027
"714","2013",0.614588889,0.383135185,6,125.9326889,224.5688021,312.314951
"715","2013",0.614588889,0.383135185,7,118.4883066,218.4062802,294.9271651
"716","2013",0.614588889,0.383135185,8,106.9036298,215.1569903,284.4188054
"717","2013",0.614588889,0.383135185,9,162.1558848,221.6320135,300.9802498
"718","2013",0.614588889,0.383135185,10,131.7101706,218.7922179,318.2102329
"719","2013",0.614588889,0.383135185,11,91.1359279,218.7174687,339.0273369
"720","2013",0.614588889,0.383135185,12,21.687771,204.5899691,334.3928109
"721","2013",0.627185862,0.375472817,1,12.9745217,200.450774,345.2072539
"722","2013",0.627185862,0.375472817,2,4.845522,226.8393363,369.2814939
"723","2013",0.627185862,0.375472817,3,76.889669,245.2674187,360.3106268
"724","2013",0.627185862,0.375472817,4,129.8048799,236.5619347,342.5923837
"725","2013",0.627185862,0.375472817,5,155.3930213,231.655125,330.4410027
"726","2013",0.627185862,0.375472817,6,125.9326889,224.5688021,312.314951
"727","2013",0.627185862,0.375472817,7,118.4883066,218.4062802,294.9271651
"728","2013",0.627185862,0.375472817,8,106.9036298,215.1569903,284.4188054
"729","2013",0.627185862,0.375472817,9,162.1558848,221.6320135,300.9802498
"730","2013",0.627185862,0.375472817,10,131.7101706,218.7922179,318.2102329
"731","2013",0.627185862,0.375472817,11,91.1359279,218.7174687,339.0273369
"732","2013",0.627185862,0.375472817,12,21.687771,204.5899691,334.3928109
"733","2013",0.450108696,0.287363043,1,12.9745217,200.450774,345.2072539
"734","2013",0.450108696,0.287363043,2,4.845522,226.8393363,369.2814939
"735","2013",0.450108696,0.287363043,3,76.889669,245.2674187,360.3106268
"736","2013",0.450108696,0.287363043,4,129.8048799,236.5619347,342.5923837
"737","2013",0.450108696,0.287363043,5,155.3930213,231.655125,330.4410027
"738","2013",0.450108696,0.287363043,6,125.9326889,224.5688021,312.314951
"739","2013",0.450108696,0.287363043,7,118.4883066,218.4062802,294.9271651
"740","2013",0.450108696,0.287363043,8,106.9036298,215.1569903,284.4188054
"741","2013",0.450108696,0.287363043,9,162.1558848,221.6320135,300.9802498
"742","2013",0.450108696,0.287363043,10,131.7101706,218.7922179,318.2102329
"743","2013",0.450108696,0.287363043,11,91.1359279,218.7174687,339.0273369
"744","2013",0.450108696,0.287363043,12,21.687771,204.5899691,334.3928109
"745","2013",0.610840598,0.459573426,1,12.9745217,200.450774,345.2072539
"746","2013",0.610840598,0.459573426,2,4.845522,226.8393363,369.2814939
"747","2013",0.610840598,0.459573426,3,76.889669,245.2674187,360.3106268
"748","2013",0.610840598,0.459573426,4,129.8048799,236.5619347,342.5923837
"749","2013",0.610840598,0.459573426,5,155.3930213,231.655125,330.4410027
"750","2013",0.610840598,0.459573426,6,125.9326889,224.5688021,312.314951
"751","2013",0.610840598,0.459573426,7,118.4883066,218.4062802,294.9271651
"752","2013",0.610840598,0.459573426,8,106.9036298,215.1569903,284.4188054
"753","2013",0.610840598,0.459573426,9,162.1558848,221.6320135,300.9802498
"754","2013",0.610840598,0.459573426,10,131.7101706,218.7922179,318.2102329
"755","2013",0.610840598,0.459573426,11,91.1359279,218.7174687,339.0273369
"756","2013",0.610840598,0.459573426,12,21.687771,204.5899691,334.3928109
"757","2013",0.698016402,0.400386243,1,12.9745217,200.450774,345.2072539
"758","2013",0.698016402,0.400386243,2,4.845522,226.8393363,369.2814939
"759","2013",0.698016402,0.400386243,3,76.889669,245.2674187,360.3106268
"760","2013",0.698016402,0.400386243,4,129.8048799,236.5619347,342.5923837
"761","2013",0.698016402,0.400386243,5,155.3930213,231.655125,330.4410027
"762","2013",0.698016402,0.400386243,6,125.9326889,224.5688021,312.314951
"763","2013",0.698016402,0.400386243,7,118.4883066,218.4062802,294.9271651
"764","2013",0.698016402,0.400386243,8,106.9036298,215.1569903,284.4188054
"765","2013",0.698016402,0.400386243,9,162.1558848,221.6320135,300.9802498
"766","2013",0.698016402,0.400386243,10,131.7101706,218.7922179,318.2102329
"767","2013",0.698016402,0.400386243,11,91.1359279,218.7174687,339.0273369
"768","2013",0.698016402,0.400386243,12,21.687771,204.5899691,334.3928109
"769","2013",0.751948035,0.538210379,1,12.9745217,200.450774,345.2072539
"770","2013",0.751948035,0.538210379,2,4.845522,226.8393363,369.2814939
"771","2013",0.751948035,0.538210379,3,76.889669,245.2674187,360.3106268
"772","2013",0.751948035,0.538210379,4,129.8048799,236.5619347,342.5923837
"773","2013",0.751948035,0.538210379,5,155.3930213,231.655125,330.4410027
"774","2013",0.751948035,0.538210379,6,125.9326889,224.5688021,312.314951
"775","2013",0.751948035,0.538210379,7,118.4883066,218.4062802,294.9271651
"776","2013",0.751948035,0.538210379,8,106.9036298,215.1569903,284.4188054
"777","2013",0.751948035,0.538210379,9,162.1558848,221.6320135,300.9802498
"778","2013",0.751948035,0.538210379,10,131.7101706,218.7922179,318.2102329
"779","2013",0.751948035,0.538210379,11,91.1359279,218.7174687,339.0273369
"780","2013",0.751948035,0.538210379,12,21.687771,204.5899691,334.3928109
"781","2013",0.763941818,0.575808204,1,12.9745217,200.450774,345.2072539
"782","2013",0.763941818,0.575808204,2,4.845522,226.8393363,369.2814939
"783","2013",0.763941818,0.575808204,3,76.889669,245.2674187,360.3106268
"784","2013",0.763941818,0.575808204,4,129.8048799,236.5619347,342.5923837
"785","2013",0.763941818,0.575808204,5,155.3930213,231.655125,330.4410027
"786","2013",0.763941818,0.575808204,6,125.9326889,224.5688021,312.314951
"787","2013",0.763941818,0.575808204,7,118.4883066,218.4062802,294.9271651
"788","2013",0.763941818,0.575808204,8,106.9036298,215.1569903,284.4188054
"789","2013",0.763941818,0.575808204,9,162.1558848,221.6320135,300.9802498
"790","2013",0.763941818,0.575808204,10,131.7101706,218.7922179,318.2102329
"791","2013",0.763941818,0.575808204,11,91.1359279,218.7174687,339.0273369
"792","2013",0.763941818,0.575808204,12,21.687771,204.5899691,334.3928109
"793","2013",0.78278598,0.610808797,1,12.9745217,200.450774,345.2072539
"794","2013",0.78278598,0.610808797,2,4.845522,226.8393363,369.2814939
"795","2013",0.78278598,0.610808797,3,76.889669,245.2674187,360.3106268
"796","2013",0.78278598,0.610808797,4,129.8048799,236.5619347,342.5923837
"797","2013",0.78278598,0.610808797,5,155.3930213,231.655125,330.4410027
"798","2013",0.78278598,0.610808797,6,125.9326889,224.5688021,312.314951
"799","2013",0.78278598,0.610808797,7,118.4883066,218.4062802,294.9271651
"800","2013",0.78278598,0.610808797,8,106.9036298,215.1569903,284.4188054
"801","2013",0.78278598,0.610808797,9,162.1558848,221.6320135,300.9802498
"802","2013",0.78278598,0.610808797,10,131.7101706,218.7922179,318.2102329
"803","2013",0.78278598,0.610808797,11,91.1359279,218.7174687,339.0273369
"804","2013",0.78278598,0.610808797,12,21.687771,204.5899691,334.3928109
"805","2013",0.650766667,0.493461111,1,12.9745217,200.450774,345.2072539
"806","2013",0.650766667,0.493461111,2,4.845522,226.8393363,369.2814939
"807","2013",0.650766667,0.493461111,3,76.889669,245.2674187,360.3106268
"808","2013",0.650766667,0.493461111,4,129.8048799,236.5619347,342.5923837
"809","2013",0.650766667,0.493461111,5,155.3930213,231.655125,330.4410027
"810","2013",0.650766667,0.493461111,6,125.9326889,224.5688021,312.314951
"811","2013",0.650766667,0.493461111,7,118.4883066,218.4062802,294.9271651
"812","2013",0.650766667,0.493461111,8,106.9036298,215.1569903,284.4188054
"813","2013",0.650766667,0.493461111,9,162.1558848,221.6320135,300.9802498
"814","2013",0.650766667,0.493461111,10,131.7101706,218.7922179,318.2102329
"815","2013",0.650766667,0.493461111,11,91.1359279,218.7174687,339.0273369
"816","2013",0.650766667,0.493461111,12,21.687771,204.5899691,334.3928109
"817","2014",0.681579656,0.458120344,1,27.6571981,215.9255269,345.155527
"818","2014",0.681579656,0.458120344,2,32.4489187,227.132035,353.4755652
"819","2014",0.681579656,0.458120344,3,91.0568626,236.5178654,355.82707
"820","2014",0.681579656,0.458120344,4,109.8106525,238.9392329,344.924134
"821","2014",0.681579656,0.458120344,5,124.5531273,239.5343986,327.1670789
"822","2014",0.681579656,0.458120344,6,185.8713102,229.2137789,314.6076475
"823","2014",0.681579656,0.458120344,7,135.9368679,226.5898461,299.3631798
"824","2014",0.681579656,0.458120344,8,133.5483876,218.254973,289.7493282
"825","2014",0.681579656,0.458120344,9,218.2756305,221.2323967,296.1308512
"826","2014",0.681579656,0.458120344,10,118.1070144,224.4428156,318.0038328
"827","2014",0.681579656,0.458120344,11,80.8788538,223.1586275,333.7981743
"828","2014",0.681579656,0.458120344,12,7.6786315,204.591291,340.4971128
"829","2014",0.730018389,0.460142893,1,27.6571981,215.9255269,345.155527
"830","2014",0.730018389,0.460142893,2,32.4489187,227.132035,353.4755652
"831","2014",0.730018389,0.460142893,3,91.0568626,236.5178654,355.82707
"832","2014",0.730018389,0.460142893,4,109.8106525,238.9392329,344.924134
"833","2014",0.730018389,0.460142893,5,124.5531273,239.5343986,327.1670789
"834","2014",0.730018389,0.460142893,6,185.8713102,229.2137789,314.6076475
"835","2014",0.730018389,0.460142893,7,135.9368679,226.5898461,299.3631798
"836","2014",0.730018389,0.460142893,8,133.5483876,218.254973,289.7493282
"837","2014",0.730018389,0.460142893,9,218.2756305,221.2323967,296.1308512
"838","2014",0.730018389,0.460142893,10,118.1070144,224.4428156,318.0038328
"839","2014",0.730018389,0.460142893,11,80.8788538,223.1586275,333.7981743
"840","2014",0.730018389,0.460142893,12,7.6786315,204.591291,340.4971128
"841","2014",0.757354955,0.601348385,1,27.6571981,215.9255269,345.155527
"842","2014",0.757354955,0.601348385,2,32.4489187,227.132035,353.4755652
"843","2014",0.757354955,0.601348385,3,91.0568626,236.5178654,355.82707
"844","2014",0.757354955,0.601348385,4,109.8106525,238.9392329,344.924134
"845","2014",0.757354955,0.601348385,5,124.5531273,239.5343986,327.1670789
"846","2014",0.757354955,0.601348385,6,185.8713102,229.2137789,314.6076475
"847","2014",0.757354955,0.601348385,7,135.9368679,226.5898461,299.3631798
"848","2014",0.757354955,0.601348385,8,133.5483876,218.254973,289.7493282
"849","2014",0.757354955,0.601348385,9,218.2756305,221.2323967,296.1308512
"850","2014",0.757354955,0.601348385,10,118.1070144,224.4428156,318.0038328
"851","2014",0.757354955,0.601348385,11,80.8788538,223.1586275,333.7981743
"852","2014",0.757354955,0.601348385,12,7.6786315,204.591291,340.4971128
"853","2014",0.826947445,0.665670043,1,27.6571981,215.9255269,345.155527
"854","2014",0.826947445,0.665670043,2,32.4489187,227.132035,353.4755652
"855","2014",0.826947445,0.665670043,3,91.0568626,236.5178654,355.82707
"856","2014",0.826947445,0.665670043,4,109.8106525,238.9392329,344.924134
"857","2014",0.826947445,0.665670043,5,124.5531273,239.5343986,327.1670789
"858","2014",0.826947445,0.665670043,6,185.8713102,229.2137789,314.6076475
"859","2014",0.826947445,0.665670043,7,135.9368679,226.5898461,299.3631798
"860","2014",0.826947445,0.665670043,8,133.5483876,218.254973,289.7493282
"861","2014",0.826947445,0.665670043,9,218.2756305,221.2323967,296.1308512
"862","2014",0.826947445,0.665670043,10,118.1070144,224.4428156,318.0038328
"863","2014",0.826947445,0.665670043,11,80.8788538,223.1586275,333.7981743
"864","2014",0.826947445,0.665670043,12,7.6786315,204.591291,340.4971128
"865","2014",0.832330434,0.546676584,1,27.6571981,215.9255269,345.155527
"866","2014",0.832330434,0.546676584,2,32.4489187,227.132035,353.4755652
"867","2014",0.832330434,0.546676584,3,91.0568626,236.5178654,355.82707
"868","2014",0.832330434,0.546676584,4,109.8106525,238.9392329,344.924134
"869","2014",0.832330434,0.546676584,5,124.5531273,239.5343986,327.1670789
"870","2014",0.832330434,0.546676584,6,185.8713102,229.2137789,314.6076475
"871","2014",0.832330434,0.546676584,7,135.9368679,226.5898461,299.3631798
"872","2014",0.832330434,0.546676584,8,133.5483876,218.254973,289.7493282
"873","2014",0.832330434,0.546676584,9,218.2756305,221.2323967,296.1308512
"874","2014",0.832330434,0.546676584,10,118.1070144,224.4428156,318.0038328
"875","2014",0.832330434,0.546676584,11,80.8788538,223.1586275,333.7981743
"876","2014",0.832330434,0.546676584,12,7.6786315,204.591291,340.4971128
"877","2014",0.606644444,0.443633333,1,27.6571981,215.9255269,345.155527
"878","2014",0.606644444,0.443633333,2,32.4489187,227.132035,353.4755652
"879","2014",0.606644444,0.443633333,3,91.0568626,236.5178654,355.82707
"880","2014",0.606644444,0.443633333,4,109.8106525,238.9392329,344.924134
"881","2014",0.606644444,0.443633333,5,124.5531273,239.5343986,327.1670789
"882","2014",0.606644444,0.443633333,6,185.8713102,229.2137789,314.6076475
"883","2014",0.606644444,0.443633333,7,135.9368679,226.5898461,299.3631798
"884","2014",0.606644444,0.443633333,8,133.5483876,218.254973,289.7493282
"885","2014",0.606644444,0.443633333,9,218.2756305,221.2323967,296.1308512
"886","2014",0.606644444,0.443633333,10,118.1070144,224.4428156,318.0038328
"887","2014",0.606644444,0.443633333,11,80.8788538,223.1586275,333.7981743
"888","2014",0.606644444,0.443633333,12,7.6786315,204.591291,340.4971128
"889","2015",0.713689801,0.496692863,1,3.9495564,196.8112407,337.3316041
"890","2015",0.713689801,0.496692863,2,66.0831892,230.329974,361.3740009
"891","2015",0.713689801,0.496692863,3,88.5151743,239.5575296,358.1474955
"892","2015",0.713689801,0.496692863,4,53.6472467,236.488929,358.5876357
"893","2015",0.713689801,0.496692863,5,101.9240893,241.1669699,344.5666623
"894","2015",0.713689801,0.496692863,6,136.29908,230.9270582,317.4934269
"895","2015",0.713689801,0.496692863,7,100.8340201,222.6122052,302.5700707
"896","2015",0.713689801,0.496692863,8,172.4167606,221.9335834,290.0672381
"897","2015",0.713689801,0.496692863,9,117.9625019,223.1885938,304.7219106
"898","2015",0.713689801,0.496692863,10,163.4782096,230.5070232,314.653556
"899","2015",0.713689801,0.496692863,11,49.9773756,216.6713197,341.2567398
"900","2015",0.713689801,0.496692863,12,2.1897742,202.0575231,329.9452815
"901","2016",0.736714598,0.42726367,1,0.2897241,209.2052775,344.8067589
"902","2016",0.736714598,0.42726367,2,3.0785403,232.8692537,363.8664581
"903","2016",0.736714598,0.42726367,3,33.0131714,247.5508317,364.6577069
"904","2016",0.736714598,0.42726367,4,32.1623565,249.4949949,357.0288157
"905","2016",0.736714598,0.42726367,5,74.7790242,243.3505948,339.4667889
"906","2016",0.736714598,0.42726367,6,112.561508,230.0381177,315.9240036
"907","2016",0.736714598,0.42726367,7,49.9959159,228.0662589,303.4662176
"908","2016",0.736714598,0.42726367,8,102.7328214,221.8719198,295.8004315
"909","2016",0.736714598,0.42726367,9,166.6424515,220.8883302,303.9921845
"910","2016",0.736714598,0.42726367,10,66.6411149,226.102363,325.8201976
"911","2016",0.736714598,0.42726367,11,10.2464653,225.8167113,349.8782822
"912","2016",0.736714598,0.42726367,12,3.9714726,219.4370452,349.5899425
"913","2017",0.636777697,0.370184307,1,0.4187309,214.1602302,349.7543406
"914","2017",0.636777697,0.370184307,2,6.9843735,234.7077215,365.6987419
"915","2017",0.636777697,0.370184307,3,19.8863005,251.3331386,368.4420638
"916","2017",0.636777697,0.370184307,4,55.6904519,247.6527877,355.1939941
"917","2017",0.636777697,0.370184307,5,149.8154077,238.5912143,334.6990197
"918","2017",0.636777697,0.370184307,6,125.9461023,230.0189742,315.8978257
"919","2017",0.636777697,0.370184307,7,74.0996129,224.916099,300.3158747
"920","2017",0.636777697,0.370184307,8,64.9624867,220.8266136,294.7622465
"921","2017",0.636777697,0.370184307,9,118.6726175,223.9830523,307.0851626
"922","2017",0.636777697,0.370184307,10,41.9522524,229.1199352,328.8388687
"923","2017",0.636777697,0.370184307,11,16.4264132,221.6321725,345.6853209
"924","2017",0.636777697,0.370184307,12,4.5780777,214.168711,344.3185794
"925","2017",0.777929132,0.599854205,1,0.4187309,214.1602302,349.7543406
"926","2017",0.777929132,0.599854205,2,6.9843735,234.7077215,365.6987419
"927","2017",0.777929132,0.599854205,3,19.8863005,251.3331386,368.4420638
"928","2017",0.777929132,0.599854205,4,55.6904519,247.6527877,355.1939941
"929","2017",0.777929132,0.599854205,5,149.8154077,238.5912143,334.6990197
"930","2017",0.777929132,0.599854205,6,125.9461023,230.0189742,315.8978257
"931","2017",0.777929132,0.599854205,7,74.0996129,224.916099,300.3158747
"932","2017",0.777929132,0.599854205,8,64.9624867,220.8266136,294.7622465
"933","2017",0.777929132,0.599854205,9,118.6726175,223.9830523,307.0851626
"934","2017",0.777929132,0.599854205,10,41.9522524,229.1199352,328.8388687
"935","2017",0.777929132,0.599854205,11,16.4264132,221.6321725,345.6853209
"936","2017",0.777929132,0.599854205,12,4.5780777,214.168711,344.3185794
"937","2017",0.819028401,0.522750964,1,0.4187309,214.1602302,349.7543406
"938","2017",0.819028401,0.522750964,2,6.9843735,234.7077215,365.6987419
"939","2017",0.819028401,0.522750964,3,19.8863005,251.3331386,368.4420638
"940","2017",0.819028401,0.522750964,4,55.6904519,247.6527877,355.1939941
"941","2017",0.819028401,0.522750964,5,149.8154077,238.5912143,334.6990197
"942","2017",0.819028401,0.522750964,6,125.9461023,230.0189742,315.8978257
"943","2017",0.819028401,0.522750964,7,74.0996129,224.916099,300.3158747
"944","2017",0.819028401,0.522750964,8,64.9624867,220.8266136,294.7622465
"945","2017",0.819028401,0.522750964,9,118.6726175,223.9830523,307.0851626
"946","2017",0.819028401,0.522750964,10,41.9522524,229.1199352,328.8388687
"947","2017",0.819028401,0.522750964,11,16.4264132,221.6321725,345.6853209
"948","2017",0.819028401,0.522750964,12,4.5780777,214.168711,344.3185794
"949","2018",0.52063,0.208835,1,4.5465411,201.5008366,343.7389318
"950","2018",0.52063,0.208835,2,44.3852728,238.1070366,359.8672286
"951","2018",0.52063,0.208835,3,88.8384991,239.6174441,353.431768
"952","2018",0.52063,0.208835,4,86.4841828,242.3738548,349.334925
"953","2018",0.52063,0.208835,5,135.4233266,240.4635607,333.9649842
"954","2018",0.52063,0.208835,6,177.4303841,229.8576896,312.1924279
"955","2018",0.52063,0.208835,7,163.5969412,224.5305259,296.4165446
"956","2018",0.52063,0.208835,8,195.1394947,220.6229036,290.3449202
"957","2018",0.52063,0.208835,9,220.3775417,223.9247449,300.7982371
"958","2018",0.52063,0.208835,10,170.137894,227.5041712,315.779561
"959","2018",0.52063,0.208835,11,34.5193804,220.7251146,341.6714231
"960","2018",0.52063,0.208835,12,15.6793441,204.2113102,338.0440196
"961","2018",0.661801718,0.437926684,1,4.5465411,201.5008366,343.7389318
"962","2018",0.661801718,0.437926684,2,44.3852728,238.1070366,359.8672286
"963","2018",0.661801718,0.437926684,3,88.8384991,239.6174441,353.431768
"964","2018",0.661801718,0.437926684,4,86.4841828,242.3738548,349.334925
"965","2018",0.661801718,0.437926684,5,135.4233266,240.4635607,333.9649842
"966","2018",0.661801718,0.437926684,6,177.4303841,229.8576896,312.1924279
"967","2018",0.661801718,0.437926684,7,163.5969412,224.5305259,296.4165446
"968","2018",0.661801718,0.437926684,8,195.1394947,220.6229036,290.3449202
"969","2018",0.661801718,0.437926684,9,220.3775417,223.9247449,300.7982371
"970","2018",0.661801718,0.437926684,10,170.137894,227.5041712,315.779561
"971","2018",0.661801718,0.437926684,11,34.5193804,220.7251146,341.6714231
"972","2018",0.661801718,0.437926684,12,15.6793441,204.2113102,338.0440196
"973","2018",0.598289189,0.377340541,1,4.5465411,201.5008366,343.7389318
"974","2018",0.598289189,0.377340541,2,44.3852728,238.1070366,359.8672286
"975","2018",0.598289189,0.377340541,3,88.8384991,239.6174441,353.431768
"976","2018",0.598289189,0.377340541,4,86.4841828,242.3738548,349.334925
"977","2018",0.598289189,0.377340541,5,135.4233266,240.4635607,333.9649842
"978","2018",0.598289189,0.377340541,6,177.4303841,229.8576896,312.1924279
"979","2018",0.598289189,0.377340541,7,163.5969412,224.5305259,296.4165446
"980","2018",0.598289189,0.377340541,8,195.1394947,220.6229036,290.3449202
"981","2018",0.598289189,0.377340541,9,220.3775417,223.9247449,300.7982371
"982","2018",0.598289189,0.377340541,10,170.137894,227.5041712,315.779561
"983","2018",0.598289189,0.377340541,11,34.5193804,220.7251146,341.6714231
"984","2018",0.598289189,0.377340541,12,15.6793441,204.2113102,338.0440196
"985","2019",0.5861,0.367925,1,4.9163921,218.5682027,354.1642111
"986","2019",0.5861,0.367925,2,16.14041,234.9221709,365.9143302
"987","2019",0.5861,0.367925,3,54.4102808,250.2158491,367.320115
"988","2019",0.5861,0.367925,4,89.3083259,251.4351255,358.9682652
"989","2019",0.5861,0.367925,5,130.4482471,243.0643063,339.1737295
"990","2019",0.5861,0.367925,6,157.5357396,232.3321486,318.2112233
"991","2019",0.5861,0.367925,7,162.1092027,226.4766081,301.8722327
"992","2019",0.5861,0.367925,8,110.1879239,224.2036983,298.1346736
"993","2019",0.5861,0.367925,9,182.1162338,225.9967061,309.1009469
"994","2019",0.5861,0.367925,10,240.9493853,219.7962704,319.5155318
"995","2019",0.5861,0.367925,11,29.1952488,225.4323982,349.4863844
"996","2019",0.5861,0.367925,12,6.6271907,216.7118633,346.8676251
"997","2019",0.729639371,0.419579978,1,4.9163921,218.5682027,354.1642111
"998","2019",0.729639371,0.419579978,2,16.14041,234.9221709,365.9143302
"999","2019",0.729639371,0.419579978,3,54.4102808,250.2158491,367.320115
"1000","2019",0.729639371,0.419579978,4,89.3083259,251.4351255,358.9682652
"1001","2019",0.729639371,0.419579978,5,130.4482471,243.0643063,339.1737295
"1002","2019",0.729639371,0.419579978,6,157.5357396,232.3321486,318.2112233
"1003","2019",0.729639371,0.419579978,7,162.1092027,226.4766081,301.8722327
"1004","2019",0.729639371,0.419579978,8,110.1879239,224.2036983,298.1346736
"1005","2019",0.729639371,0.419579978,9,182.1162338,225.9967061,309.1009469
"1006","2019",0.729639371,0.419579978,10,240.9493853,219.7962704,319.5155318
"1007","2019",0.729639371,0.419579978,11,29.1952488,225.4323982,349.4863844
"1008","2019",0.729639371,0.419579978,12,6.6271907,216.7118633,346.8676251
"1009","2019",0.652629744,0.379134277,1,4.9163921,218.5682027,354.1642111
"1010","2019",0.652629744,0.379134277,2,16.14041,234.9221709,365.9143302
"1011","2019",0.652629744,0.379134277,3,54.4102808,250.2158491,367.320115
"1012","2019",0.652629744,0.379134277,4,89.3083259,251.4351255,358.9682652
"1013","2019",0.652629744,0.379134277,5,130.4482471,243.0643063,339.1737295
"1014","2019",0.652629744,0.379134277,6,157.5357396,232.3321486,318.2112233
"1015","2019",0.652629744,0.379134277,7,162.1092027,226.4766081,301.8722327
"1016","2019",0.652629744,0.379134277,8,110.1879239,224.2036983,298.1346736
"1017","2019",0.652629744,0.379134277,9,182.1162338,225.9967061,309.1009469
"1018","2019",0.652629744,0.379134277,10,240.9493853,219.7962704,319.5155318
"1019","2019",0.652629744,0.379134277,11,29.1952488,225.4323982,349.4863844
"1020","2019",0.652629744,0.379134277,12,6.6271907,216.7118633,346.8676251
"1021","2019",0.666333036,0.447032972,1,4.9163921,218.5682027,354.1642111
"1022","2019",0.666333036,0.447032972,2,16.14041,234.9221709,365.9143302
"1023","2019",0.666333036,0.447032972,3,54.4102808,250.2158491,367.320115
"1024","2019",0.666333036,0.447032972,4,89.3083259,251.4351255,358.9682652
"1025","2019",0.666333036,0.447032972,5,130.4482471,243.0643063,339.1737295
"1026","2019",0.666333036,0.447032972,6,157.5357396,232.3321486,318.2112233
"1027","2019",0.666333036,0.447032972,7,162.1092027,226.4766081,301.8722327
"1028","2019",0.666333036,0.447032972,8,110.1879239,224.2036983,298.1346736
"1029","2019",0.666333036,0.447032972,9,182.1162338,225.9967061,309.1009469
"1030","2019",0.666333036,0.447032972,10,240.9493853,219.7962704,319.5155318
"1031","2019",0.666333036,0.447032972,11,29.1952488,225.4323982,349.4863844
"1032","2019",0.666333036,0.447032972,12,6.6271907,216.7118633,346.8676251
"1033","2019",0.715451605,0.4652327,1,4.9163921,218.5682027,354.1642111
"1034","2019",0.715451605,0.4652327,2,16.14041,234.9221709,365.9143302
"1035","2019",0.715451605,0.4652327,3,54.4102808,250.2158491,367.320115
"1036","2019",0.715451605,0.4652327,4,89.3083259,251.4351255,358.9682652
"1037","2019",0.715451605,0.4652327,5,130.4482471,243.0643063,339.1737295
"1038","2019",0.715451605,0.4652327,6,157.5357396,232.3321486,318.2112233
"1039","2019",0.715451605,0.4652327,7,162.1092027,226.4766081,301.8722327
"1040","2019",0.715451605,0.4652327,8,110.1879239,224.2036983,298.1346736
"1041","2019",0.715451605,0.4652327,9,182.1162338,225.9967061,309.1009469
"1042","2019",0.715451605,0.4652327,10,240.9493853,219.7962704,319.5155318
"1043","2019",0.715451605,0.4652327,11,29.1952488,225.4323982,349.4863844
"1044","2019",0.715451605,0.4652327,12,6.6271907,216.7118633,346.8676251
"1045","2019",0.767644012,0.481987954,1,4.9163921,218.5682027,354.1642111
"1046","2019",0.767644012,0.481987954,2,16.14041,234.9221709,365.9143302
"1047","2019",0.767644012,0.481987954,3,54.4102808,250.2158491,367.320115
"1048","2019",0.767644012,0.481987954,4,89.3083259,251.4351255,358.9682652
"1049","2019",0.767644012,0.481987954,5,130.4482471,243.0643063,339.1737295
"1050","2019",0.767644012,0.481987954,6,157.5357396,232.3321486,318.2112233
"1051","2019",0.767644012,0.481987954,7,162.1092027,226.4766081,301.8722327
"1052","2019",0.767644012,0.481987954,8,110.1879239,224.2036983,298.1346736
"1053","2019",0.767644012,0.481987954,9,182.1162338,225.9967061,309.1009469
"1054","2019",0.767644012,0.481987954,10,240.9493853,219.7962704,319.5155318
"1055","2019",0.767644012,0.481987954,11,29.1952488,225.4323982,349.4863844
"1056","2019",0.767644012,0.481987954,12,6.6271907,216.7118633,346.8676251
"1057","2019",0.67276,0.539375,1,4.9163921,218.5682027,354.1642111
"1058","2019",0.67276,0.539375,2,16.14041,234.9221709,365.9143302
"1059","2019",0.67276,0.539375,3,54.4102808,250.2158491,367.320115
"1060","2019",0.67276,0.539375,4,89.3083259,251.4351255,358.9682652
"1061","2019",0.67276,0.539375,5,130.4482471,243.0643063,339.1737295
"1062","2019",0.67276,0.539375,6,157.5357396,232.3321486,318.2112233
"1063","2019",0.67276,0.539375,7,162.1092027,226.4766081,301.8722327
"1064","2019",0.67276,0.539375,8,110.1879239,224.2036983,298.1346736
"1065","2019",0.67276,0.539375,9,182.1162338,225.9967061,309.1009469
"1066","2019",0.67276,0.539375,10,240.9493853,219.7962704,319.5155318
"1067","2019",0.67276,0.539375,11,29.1952488,225.4323982,349.4863844
"1068","2019",0.67276,0.539375,12,6.6271907,216.7118633,346.8676251
"1069","2019",0.81545379,0.595086322,1,4.9163921,218.5682027,354.1642111
"1070","2019",0.81545379,0.595086322,2,16.14041,234.9221709,365.9143302
"1071","2019",0.81545379,0.595086322,3,54.4102808,250.2158491,367.320115
"1072","2019",0.81545379,0.595086322,4,89.3083259,251.4351255,358.9682652
"1073","2019",0.81545379,0.595086322,5,130.4482471,243.0643063,339.1737295
"1074","2019",0.81545379,0.595086322,6,157.5357396,232.3321486,318.2112233
"1075","2019",0.81545379,0.595086322,7,162.1092027,226.4766081,301.8722327
"1076","2019",0.81545379,0.595086322,8,110.1879239,224.2036983,298.1346736
"1077","2019",0.81545379,0.595086322,9,182.1162338,225.9967061,309.1009469
"1078","2019",0.81545379,0.595086322,10,240.9493853,219.7962704,319.5155318
"1079","2019",0.81545379,0.595086322,11,29.1952488,225.4323982,349.4863844
"1080","2019",0.81545379,0.595086322,12,6.6271907,216.7118633,346.8676251
"1081","2019",0.785434942,0.574803075,1,4.9163921,218.5682027,354.1642111
"1082","2019",0.785434942,0.574803075,2,16.14041,234.9221709,365.9143302
"1083","2019",0.785434942,0.574803075,3,54.4102808,250.2158491,367.320115
"1084","2019",0.785434942,0.574803075,4,89.3083259,251.4351255,358.9682652
"1085","2019",0.785434942,0.574803075,5,130.4482471,243.0643063,339.1737295
"1086","2019",0.785434942,0.574803075,6,157.5357396,232.3321486,318.2112233
"1087","2019",0.785434942,0.574803075,7,162.1092027,226.4766081,301.8722327
"1088","2019",0.785434942,0.574803075,8,110.1879239,224.2036983,298.1346736
"1089","2019",0.785434942,0.574803075,9,182.1162338,225.9967061,309.1009469
"1090","2019",0.785434942,0.574803075,10,240.9493853,219.7962704,319.5155318
"1091","2019",0.785434942,0.574803075,11,29.1952488,225.4323982,349.4863844
"1092","2019",0.785434942,0.574803075,12,6.6271907,216.7118633,346.8676251
"1093","2020",0.534319481,0.304216883,1,2.4722628,209.4359096,345.5675614
"1094","2020",0.534319481,0.304216883,2,4.3890406,232.0488206,363.3980144
"1095","2020",0.534319481,0.304216883,3,77.28518,248.8481052,366.2670595
"1096","2020",0.534319481,0.304216883,4,75.2931498,246.1944543,352.8317988
"1097","2020",0.534319481,0.304216883,5,115.7387618,243.6835343,339.314463
"1098","2020",0.534319481,0.304216883,6,138.4267881,229.8825259,315.6688646
"1099","2020",0.534319481,0.304216883,7,178.1710376,224.6877963,299.759887
"1100","2020",0.534319481,0.304216883,8,97.4762867,222.4078973,295.7039252
"1101","2020",0.534319481,0.304216883,9,211.4769071,222.2984012,304.6580257
"1102","2020",0.534319481,0.304216883,10,163.3390916,223.0232335,322.2191938
"1103","2020",0.534319481,0.304216883,11,26.3227253,222.6970344,345.8508887
"1104","2020",0.534319481,0.304216883,12,13.726279,218.8750574,349.2803478
"1105","2020",0.68194792,0.387680366,1,2.4722628,209.4359096,345.5675614
"1106","2020",0.68194792,0.387680366,2,4.3890406,232.0488206,363.3980144
"1107","2020",0.68194792,0.387680366,3,77.28518,248.8481052,366.2670595
"1108","2020",0.68194792,0.387680366,4,75.2931498,246.1944543,352.8317988
"1109","2020",0.68194792,0.387680366,5,115.7387618,243.6835343,339.314463
"1110","2020",0.68194792,0.387680366,6,138.4267881,229.8825259,315.6688646
"1111","2020",0.68194792,0.387680366,7,178.1710376,224.6877963,299.759887
"1112","2020",0.68194792,0.387680366,8,97.4762867,222.4078973,295.7039252
"1113","2020",0.68194792,0.387680366,9,211.4769071,222.2984012,304.6580257
"1114","2020",0.68194792,0.387680366,10,163.3390916,223.0232335,322.2191938
"1115","2020",0.68194792,0.387680366,11,26.3227253,222.6970344,345.8508887
"1116","2020",0.68194792,0.387680366,12,13.726279,218.8750574,349.2803478
"1117","2020",0.758281594,0.446528394,1,2.4722628,209.4359096,345.5675614
"1118","2020",0.758281594,0.446528394,2,4.3890406,232.0488206,363.3980144
"1119","2020",0.758281594,0.446528394,3,77.28518,248.8481052,366.2670595
"1120","2020",0.758281594,0.446528394,4,75.2931498,246.1944543,352.8317988
"1121","2020",0.758281594,0.446528394,5,115.7387618,243.6835343,339.314463
"1122","2020",0.758281594,0.446528394,6,138.4267881,229.8825259,315.6688646
"1123","2020",0.758281594,0.446528394,7,178.1710376,224.6877963,299.759887
"1124","2020",0.758281594,0.446528394,8,97.4762867,222.4078973,295.7039252
"1125","2020",0.758281594,0.446528394,9,211.4769071,222.2984012,304.6580257
"1126","2020",0.758281594,0.446528394,10,163.3390916,223.0232335,322.2191938
"1127","2020",0.758281594,0.446528394,11,26.3227253,222.6970344,345.8508887
"1128","2020",0.758281594,0.446528394,12,13.726279,218.8750574,349.2803478
"1129","2020",0.789965731,0.492869209,1,2.4722628,209.4359096,345.5675614
"1130","2020",0.789965731,0.492869209,2,4.3890406,232.0488206,363.3980144
"1131","2020",0.789965731,0.492869209,3,77.28518,248.8481052,366.2670595
"1132","2020",0.789965731,0.492869209,4,75.2931498,246.1944543,352.8317988
"1133","2020",0.789965731,0.492869209,5,115.7387618,243.6835343,339.314463
"1134","2020",0.789965731,0.492869209,6,138.4267881,229.8825259,315.6688646
"1135","2020",0.789965731,0.492869209,7,178.1710376,224.6877963,299.759887
"1136","2020",0.789965731,0.492869209,8,97.4762867,222.4078973,295.7039252
"1137","2020",0.789965731,0.492869209,9,211.4769071,222.2984012,304.6580257
"1138","2020",0.789965731,0.492869209,10,163.3390916,223.0232335,322.2191938
"1139","2020",0.789965731,0.492869209,11,26.3227253,222.6970344,345.8508887
"1140","2020",0.789965731,0.492869209,12,13.726279,218.8750574,349.2803478
"1141","2021",0.741878897,0.455079077,1,5.1696039,215.8638507,351.9925945
"1142","2021",0.741878897,0.455079077,2,10.1524518,230.4511591,361.8028249
"1143","2021",0.741878897,0.455079077,3,53.3477693,243.6392637,361.0578947
"1144","2021",0.741878897,0.455079077,4,45.260095,250.8074428,357.4458941
"1145","2021",0.741878897,0.455079077,5,69.4395148,246.6546905,342.2864808
"1146","2021",0.741878897,0.455079077,6,190.1990095,232.1714466,317.9569403
"1147","2021",0.741878897,0.455079077,7,138.7417835,227.7296737,302.8017245
"1148","2021",0.741878897,0.455079077,8,196.6507848,222.6644771,295.9601003
"1149","2021",0.741878897,0.455079077,9,199.0818604,225.9581302,308.3175888
"1150","2021",0.741878897,0.455079077,10,112.3194763,229.2362121,328.4314499
"1151","2021",0.741878897,0.455079077,11,35.2457294,223.8361088,346.9871872
"1152","2021",0.741878897,0.455079077,12,4.1463002,215.8817506,346.2913979
"1153","2021",0.678981054,0.549373408,1,5.1696039,215.8638507,351.9925945
"1154","2021",0.678981054,0.549373408,2,10.1524518,230.4511591,361.8028249
"1155","2021",0.678981054,0.549373408,3,53.3477693,243.6392637,361.0578947
"1156","2021",0.678981054,0.549373408,4,45.260095,250.8074428,357.4458941
"1157","2021",0.678981054,0.549373408,5,69.4395148,246.6546905,342.2864808
"1158","2021",0.678981054,0.549373408,6,190.1990095,232.1714466,317.9569403
"1159","2021",0.678981054,0.549373408,7,138.7417835,227.7296737,302.8017245
"1160","2021",0.678981054,0.549373408,8,196.6507848,222.6644771,295.9601003
"1161","2021",0.678981054,0.549373408,9,199.0818604,225.9581302,308.3175888
"1162","2021",0.678981054,0.549373408,10,112.3194763,229.2362121,328.4314499
"1163","2021",0.678981054,0.549373408,11,35.2457294,223.8361088,346.9871872
"1164","2021",0.678981054,0.549373408,12,4.1463002,215.8817506,346.2913979
"1165","2021",0.723393161,0.574881761,1,5.1696039,215.8638507,351.9925945
"1166","2021",0.723393161,0.574881761,2,10.1524518,230.4511591,361.8028249
"1167","2021",0.723393161,0.574881761,3,53.3477693,243.6392637,361.0578947
"1168","2021",0.723393161,0.574881761,4,45.260095,250.8074428,357.4458941
"1169","2021",0.723393161,0.574881761,5,69.4395148,246.6546905,342.2864808
"1170","2021",0.723393161,0.574881761,6,190.1990095,232.1714466,317.9569403
"1171","2021",0.723393161,0.574881761,7,138.7417835,227.7296737,302.8017245
"1172","2021",0.723393161,0.574881761,8,196.6507848,222.6644771,295.9601003
"1173","2021",0.723393161,0.574881761,9,199.0818604,225.9581302,308.3175888
"1174","2021",0.723393161,0.574881761,10,112.3194763,229.2362121,328.4314499
"1175","2021",0.723393161,0.574881761,11,35.2457294,223.8361088,346.9871872
"1176","2021",0.723393161,0.574881761,12,4.1463002,215.8817506,346.2913979
"1177","2021",0.838681944,0.508226389,1,5.1696039,215.8638507,351.9925945
"1178","2021",0.838681944,0.508226389,2,10.1524518,230.4511591,361.8028249
"1179","2021",0.838681944,0.508226389,3,53.3477693,243.6392637,361.0578947
"1180","2021",0.838681944,0.508226389,4,45.260095,250.8074428,357.4458941
"1181","2021",0.838681944,0.508226389,5,69.4395148,246.6546905,342.2864808
"1182","2021",0.838681944,0.508226389,6,190.1990095,232.1714466,317.9569403
"1183","2021",0.838681944,0.508226389,7,138.7417835,227.7296737,302.8017245
"1184","2021",0.838681944,0.508226389,8,196.6507848,222.6644771,295.9601003
"1185","2021",0.838681944,0.508226389,9,199.0818604,225.9581302,308.3175888
"1186","2021",0.838681944,0.508226389,10,112.3194763,229.2362121,328.4314499
"1187","2021",0.838681944,0.508226389,11,35.2457294,223.8361088,346.9871872
"1188","2021",0.838681944,0.508226389,12,4.1463002,215.8817506,346.2913979
"1189","2021",0.799655187,0.611328121,1,5.1696039,215.8638507,351.9925945
"1190","2021",0.799655187,0.611328121,2,10.1524518,230.4511591,361.8028249
"1191","2021",0.799655187,0.611328121,3,53.3477693,243.6392637,361.0578947
"1192","2021",0.799655187,0.611328121,4,45.260095,250.8074428,357.4458941
"1193","2021",0.799655187,0.611328121,5,69.4395148,246.6546905,342.2864808
"1194","2021",0.799655187,0.611328121,6,190.1990095,232.1714466,317.9569403
"1195","2021",0.799655187,0.611328121,7,138.7417835,227.7296737,302.8017245
"1196","2021",0.799655187,0.611328121,8,196.6507848,222.6644771,295.9601003
"1197","2021",0.799655187,0.611328121,9,199.0818604,225.9581302,308.3175888
"1198","2021",0.799655187,0.611328121,10,112.3194763,229.2362121,328.4314499
"1199","2021",0.799655187,0.611328121,11,35.2457294,223.8361088,346.9871872
"1200","2021",0.799655187,0.611328121,12,4.1463002,215.8817506,346.2913979
"1201","2021",0.810646539,0.633890075,1,5.1696039,215.8638507,351.9925945
"1202","2021",0.810646539,0.633890075,2,10.1524518,230.4511591,361.8028249
"1203","2021",0.810646539,0.633890075,3,53.3477693,243.6392637,361.0578947
"1204","2021",0.810646539,0.633890075,4,45.260095,250.8074428,357.4458941
"1205","2021",0.810646539,0.633890075,5,69.4395148,246.6546905,342.2864808
"1206","2021",0.810646539,0.633890075,6,190.1990095,232.1714466,317.9569403
"1207","2021",0.810646539,0.633890075,7,138.7417835,227.7296737,302.8017245
"1208","2021",0.810646539,0.633890075,8,196.6507848,222.6644771,295.9601003
"1209","2021",0.810646539,0.633890075,9,199.0818604,225.9581302,308.3175888
"1210","2021",0.810646539,0.633890075,10,112.3194763,229.2362121,328.4314499
"1211","2021",0.810646539,0.633890075,11,35.2457294,223.8361088,346.9871872
"1212","2021",0.810646539,0.633890075,12,4.1463002,215.8817506,346.2913979
"1213","2021",0.815356155,0.585440081,1,5.1696039,215.8638507,351.9925945
"1214","2021",0.815356155,0.585440081,2,10.1524518,230.4511591,361.8028249
"1215","2021",0.815356155,0.585440081,3,53.3477693,243.6392637,361.0578947
"1216","2021",0.815356155,0.585440081,4,45.260095,250.8074428,357.4458941
"1217","2021",0.815356155,0.585440081,5,69.4395148,246.6546905,342.2864808
"1218","2021",0.815356155,0.585440081,6,190.1990095,232.1714466,317.9569403
"1219","2021",0.815356155,0.585440081,7,138.7417835,227.7296737,302.8017245
"1220","2021",0.815356155,0.585440081,8,196.6507848,222.6644771,295.9601003
"1221","2021",0.815356155,0.585440081,9,199.0818604,225.9581302,308.3175888
"1222","2021",0.815356155,0.585440081,10,112.3194763,229.2362121,328.4314499
"1223","2021",0.815356155,0.585440081,11,35.2457294,223.8361088,346.9871872
"1224","2021",0.815356155,0.585440081,12,4.1463002,215.8817506,346.2913979
